CVE-2022-1304,4842
CVE-2023-4911,4533
CVE-2023-29491,4397
CVE-2018-12886,3481
CVE-2022-29458,3346
CVE-2023-31484,3205
CVE-2020-16156,3167
CVE-2023-0286,2686
CVE-2023-47038,2565
CVE-2022-42898,2114
CVE-2023-4527,2063
CVE-2023-4806,2063
CVE-2023-4813,2063
CVE-2019-15847,1969
CVE-2023-0464,1890
CVE-2023-0215,1823
CVE-2022-0778,1774
CVE-2023-39325,1763
CVE-2022-4450,1758
CVE-2022-43551,1656
CVE-2022-42916,1611
CVE-2022-1271,1563
CVE-2023-27534,1479
CVE-2023-27533,1451
CVE-2015-20107,1447
CVE-2023-24329,1415
CVE-2021-39537,1314
CVE-2021-3999,1261
CVE-2022-45061,1250
CVE-2021-33560,1223
CVE-2021-3737,1206
GHSA-m425-mq94-257g,1167
CVE-2016-2779,1152
CVE-2021-22946,1146
CVE-2023-44487,1144
CVE-2022-0391,1129
CVE-2023-2953,1118
CVE-2020-10735,1080
CVE-2021-3712,1078
CVE-2018-25032,1024
CVE-2021-23840,1021
CVE-2023-5363,989
CVE-2022-41723,964
CVE-2022-22576,944
CVE-2022-24407,942
CVE-2022-27781,921
CVE-2022-27782,921
CVE-2020-22218,879
CVE-2021-46828,873
CVE-2021-31239,870
CVE-2022-27664,868
CVE-2022-3715,862
CVE-2022-4899,850
CVE-2022-32149,845
CVE-2023-2603,843
CVE-2022-28463,841
CVE-2022-32545,841
CVE-2022-32546,841
CVE-2022-32547,841
CVE-2019-3843,832
CVE-2019-3844,832
CVE-2021-20309,815
CVE-2021-20312,815
CVE-2021-20313,815
CVE-2022-40674,796
CVE-2023-38545,755
CVE-2020-28196,739
CVE-2022-40897,729
CVE-2022-28391,723
CVE-2021-3326,716
CVE-2018-16864,715
CVE-2018-16865,715
CVE-2020-1752,715
CVE-2022-43680,707
CVE-2020-1751,693
CVE-2021-36222,683
CVE-2023-25652,670
CVE-2023-29007,670
CVE-2022-42919,663
CVE-2020-6096,644
CVE-2023-29499,638
CVE-2020-8231,627
CVE-2022-1114,615
CVE-2019-20907,614
CVE-2021-38561,614
CVE-2023-0361,611
CVE-2022-27191,606
CVE-2020-8285,604
CVE-2020-8286,604
CVE-2020-8177,596
CVE-2022-27775,591
CVE-2021-40211,589
CVE-2023-37920,582
CVE-2021-43565,577
CVE-2023-38039,576
CVE-2023-26604,556
CVE-2023-0767,548
CVE-2022-2509,547
CVE-2019-16056,546
CVE-2021-33194,544
CVE-2022-40898,517
CVE-2020-27752,516
CVE-2021-20305,509
CVE-2020-26116,509
CVE-2022-42003,507
CVE-2022-42004,506
CVE-2019-5010,494
CVE-2021-3450,492
CVE-2021-3580,491
CVE-2022-23990,485
CVE-2023-4738,484
CVE-2023-4752,484
CVE-2023-4781,484
CVE-2021-45960,476
CVE-2021-46143,476
CVE-2022-22825,474
CVE-2022-22826,474
CVE-2022-22827,474
CVE-2022-48560,474
CVE-2019-3462,473
CVE-2023-2610,463
CVE-2019-11597,461
CVE-2019-11598,461
CVE-2019-12979,461
CVE-2019-13135,461
CVE-2019-13295,461
CVE-2019-13297,461
CVE-2019-13300,461
CVE-2019-13304,461
CVE-2019-13305,461
CVE-2019-13306,461
CVE-2019-13307,461
CVE-2019-15140,461
CVE-2022-43945,460
CVE-2021-3610,459
CVE-2020-27766,451
CVE-2021-3807,440
CVE-2020-19667,438
CVE-2020-29599,438
CVE-2018-16890,427
CVE-2023-4623,427
CVE-2023-4921,425
CVE-2017-12429,422
CVE-2017-12430,422
CVE-2017-12435,422
CVE-2017-12805,422
CVE-2017-12806,422
CVE-2017-14739,422
CVE-2017-15015,422
CVE-2017-15017,422
CVE-2017-15281,422
CVE-2019-10131,422
CVE-2023-42753,420
CVE-2023-4622,418
CVE-2013-7445,415
CVE-2019-5436,411
CVE-2017-16879,410
CVE-2018-0732,410
CVE-2022-21698,409
CVE-2022-24765,407
CVE-2022-3509,406
CVE-2022-3510,406
CVE-2021-43618,402
CVE-2019-3823,401
CVE-2019-3842,400
CVE-2023-4244,398
CVE-2020-10543,394
CVE-2020-10878,394
CVE-2020-12723,394
CVE-2021-42378,394
CVE-2021-42379,394
CVE-2021-42380,394
CVE-2021-42381,394
CVE-2021-42382,394
CVE-2021-42383,394
CVE-2021-42384,394
CVE-2021-42385,394
CVE-2021-42386,394
CVE-2019-19449,391
CVE-2019-19814,391
CVE-2021-28831,390
CVE-2023-4863,389
CVE-2020-36518,387
CVE-2020-1971,383
CVE-2020-29652,383
CVE-2021-22570,383
CVE-2023-43787,381
CVE-2021-27219,379
CVE-2022-25314,379
CVE-2022-4141,379
CVE-2018-15686,378
CVE-2023-31436,378
CVE-2022-3134,376
CVE-2023-0054,376
CVE-2021-27212,374
CVE-2022-3324,374
CVE-2022-3534,373
CVE-2022-2304,368
CVE-2022-3099,368
CVE-2023-4207,367
CVE-2023-4206,362
CVE-2023-4208,362
CVE-2023-1380,361
CVE-2023-32233,361
CVE-2020-36221,360
CVE-2020-36222,360
CVE-2020-36223,360
CVE-2020-36224,360
CVE-2020-36226,360
CVE-2020-36227,360
CVE-2020-36228,360
CVE-2020-36229,360
CVE-2020-36230,360
CVE-2023-1829,359
CVE-2023-1281,358
CVE-2023-5717,353
CVE-2022-1471,353
CVE-2020-1712,350
CVE-2023-3776,347
CVE-2023-3611,345
CVE-2023-6176,343
CVE-2023-23946,343
CVE-2022-42896,342
CVE-2018-15688,340
CVE-2023-40283,340
CVE-2023-6378,339
CVE-2022-39260,339
CVE-2022-25881,335
CVE-2023-0461,335
CVE-2021-27218,334
CVE-2021-39686,334
CVE-2021-3847,333
CVE-2021-3864,333
CVE-2023-3640,333
CVE-2023-6606,333
CVE-2023-35827,332
CVE-2023-2253,330
SUSE-SU-2023:4458-1,328
CVE-2023-3609,328
CVE-2020-1967,328
CVE-2019-17498,324
CVE-2019-19603,324
CVE-2021-3121,322
CVE-2021-22569,320
CVE-2019-13115,319
CVE-2023-35001,315
CVE-2023-3390,314
CVE-2019-20218,311
CVE-2020-12362,310
CVE-2022-29187,309
CVE-2019-10650,305
CVE-2019-9956,305
CVE-2022-2309,304
CVE-2023-3090,300
CVE-2022-32250,299
CVE-2022-3517,299
CVE-2022-3566,296
CVE-2021-23337,296
GHSA-xpw8-rcwv-8f8p,295
CVE-2023-1370,295
CVE-2022-2588,295
CVE-2023-5344,293
CVE-2021-37136,292
CVE-2021-37137,292
CVE-2021-41617,287
CVE-2022-0492,286
CVE-2021-21300,284
GHSA-5crp-9r3c-p9vr,284
CVE-2020-8169,282
CVE-2023-3138,282
CVE-2022-0417,282
CVE-2022-0572,282
CVE-2022-24999,281
CVE-2023-40217,280
CVE-2018-14647,278
CVE-2021-4019,278
CVE-2022-0359,278
CVE-2022-1785,278
CVE-2022-1942,278
CVE-2022-2129,278
CVE-2022-1616,276
CVE-2022-1897,276
CVE-2022-2000,276
CVE-2021-40330,275
CVE-2022-0261,274
CVE-2022-0351,274
CVE-2019-15903,271
CVE-2023-35788,271
CVE-2020-11655,270
CVE-2018-1000858,268
CVE-2018-1000001,268
CVE-2022-0361,267
CVE-2022-28948,265
CVE-2023-45142,264
CVE-2022-48541,264
CVE-2022-42915,263
CVE-2017-11112,263
CVE-2017-11113,263
CVE-2019-12290,261
CVE-2021-3872,261
CVE-2020-13630,259
CVE-2021-33910,257
CVE-2018-20843,256
CVE-2020-25692,256
CVE-2020-36225,255
CVE-2017-13728,254
CVE-2014-3566,253
CVE-2020-16119,251
CVE-2020-11080,250
CVE-2021-27365,250
CVE-2023-3567,250
CVE-2021-29154,249
CVE-2017-16997,246
CVE-2020-12243,246
CVE-2023-5178,245
CVE-2019-19906,245
CVE-2020-29661,244
CVE-2023-6817,243
CVE-2022-25647,243
CVE-2023-47108,240
CVE-2017-18078,240
CVE-2023-46813,239
CVE-2022-0392,239
CVE-2019-12977,239
CVE-2019-12978,239
CVE-2019-13308,239
CVE-2019-13391,239
CVE-2021-33909,238
CVE-2023-1989,235
CVE-2022-48565,235
CVE-2017-12587,235
CVE-2020-25709,234
CVE-2020-25710,234
CVE-2021-3653,234
CVE-2023-38546,233
CVE-2023-5869,233
CVE-2020-24659,232
CVE-2018-1060,231
CVE-2018-1061,231
CVE-2021-3609,230
CVE-2021-3493,230
CVE-2018-20346,228
CVE-2019-0820,226
CVE-2022-29581,225
CVE-2020-11008,224
CVE-2020-5260,224
CVE-2020-28374,223
CVE-2021-22555,223
CVE-2022-25235,223
CVE-2022-25236,223
CVE-2017-1000408,221
CVE-2017-1000409,221
CVE-2017-10140,221
CVE-2022-46175,221
CVE-2018-16429,221
CVE-2023-1999,220
CVE-2023-34319,217
CVE-2018-8292,217
SUSE-SU-2023:4162-1,216
CVE-2023-29331,216
CVE-2019-13012,215
CVE-2021-22901,215
CVE-2020-35490,214
CVE-2020-35491,214
CVE-2020-35728,214
CVE-2020-36179,214
CVE-2020-36180,214
CVE-2020-36181,214
CVE-2020-36182,214
CVE-2020-36183,214
CVE-2020-36184,214
CVE-2020-36185,214
CVE-2020-36186,214
CVE-2020-36187,214
CVE-2020-36188,214
CVE-2020-36189,214
CVE-2022-25857,214
CVE-2021-35515,213
CVE-2021-35516,213
CVE-2021-35517,213
CVE-2021-36090,213
CVE-2021-20190,213
CVE-2020-24616,212
CVE-2020-24750,212
CVE-2023-29337,211
CVE-2018-16412,209
CVE-2018-16413,209
CVE-2022-27405,208
CVE-2022-27406,208
CVE-2021-33503,208
CVE-2020-10650,208
CVE-2021-4204,204
CVE-2020-29361,203
CVE-2022-0500,203
CVE-2017-16932,202
CVE-2023-22809,202
CVE-2020-14363,201
CVE-2018-8740,200
CVE-2017-18209,200
CVE-2018-8804,200
CVE-2018-8960,200
CVE-2023-0386,199
CVE-2021-4173,199
CVE-2023-2124,198
CVE-2021-3711,198
CVE-2023-39417,198
CVE-2021-30139,198
CVE-2021-4187,197
CVE-2022-30065,197
CVE-2023-4733,196
CVE-2023-4734,196
CVE-2023-4735,196
CVE-2023-4750,196
CVE-2020-35525,195
CVE-2023-35945,194
CVE-2022-3234,194
CVE-2022-3235,194
CVE-2022-3256,194
CVE-2022-3352,194
CVE-2023-21255,194
CVE-2022-23308,193
CVE-2023-30456,192
CVE-2021-3236,191
CVE-2023-4751,191
CVE-2022-3705,190
CVE-2022-2285,188
CVE-2022-2946,188
CVE-2023-3268,188
CVE-2019-8907,187
CVE-2022-39189,187
CVE-2021-3449,187
CVE-2022-34918,187
CVE-2017-20002,186
CVE-2021-22926,186
CVE-2023-28466,186
CVE-2021-3575,186
CVE-2020-13790,184
CVE-2023-3111,184
CVE-2019-19923,183
CVE-2019-19925,183
CVE-2019-19959,183
CVE-2020-12351,182
CVE-2021-3517,182
CVE-2023-28840,182
CVE-2023-21930,181
CVE-2023-43642,181
CVE-2021-3656,179
CVE-2019-12086,179
CVE-2021-3600,178
CVE-2022-37599,177
CVE-2022-37603,177
CVE-2023-1077,177
CVE-2019-9936,176
CVE-2019-9937,176
CVE-2019-18218,175
CVE-2023-2609,175
CVE-2023-2007,175
CVE-2020-14386,172
CVE-2022-4378,171
CVE-2023-41105,170
CVE-2018-12015,170
CVE-2023-4004,170
CVE-2020-10673,170
CVE-2023-1428,169
CVE-2023-32731,169
CVE-2019-20388,169
CVE-2020-12654,168
CVE-2023-1118,168
CVE-2019-19956,167
CVE-2022-47518,167
CVE-2022-47519,167
CVE-2022-47520,167
CVE-2022-47521,167
CVE-2023-20938,167
CVE-2023-45862,167
CVE-2020-25649,167
CVE-2022-0330,166
CVE-2021-20271,166
CVE-2022-31159,166
CVE-2023-25193,166
CVE-2023-0045,166
CVE-2023-4147,166
CVE-2020-7595,165
CVE-2021-3518,165
CVE-2020-7919,165
CVE-2022-1729,164
CVE-2023-1078,164
CVE-2023-1670,164
CVE-2023-23559,164
CVE-2023-3777,163
CVE-2018-12022,163
CVE-2019-3856,161
CVE-2019-3857,161
CVE-2019-3863,161
CVE-2022-3515,161
CVE-2020-9283,161
CVE-2022-1012,160
CVE-2021-4037,160
CVE-2022-3176,160
CVE-2023-42755,160
CVE-2018-7738,159
CVE-2022-1353,159
CVE-2022-26490,159
CVE-2022-30594,159
CVE-2019-1543,158
CVE-2022-1011,158
CVE-2022-1199,158
CVE-2022-28390,158
CVE-2022-3564,158
CVE-2023-3812,158
CVE-2022-42703,158
CVE-2018-1000121,157
CVE-2017-13143,157
CVE-2017-17879,157
CVE-2018-12599,157
CVE-2018-12600,157
CVE-2018-5248,157
CVE-2019-1387,156
CVE-2022-23036,156
CVE-2022-23037,156
CVE-2022-23038,156
CVE-2022-23039,156
CVE-2022-23040,156
CVE-2022-23041,156
CVE-2022-23042,156
CVE-2022-24958,156
CVE-2022-27780,156
CVE-2020-36332,156
CVE-2019-13565,156
CVE-2022-3640,156
CVE-2022-45934,156
CVE-2022-0435,155
CVE-2017-9445,155
CVE-2022-3565,155
CVE-2022-27223,154
CVE-2023-28319,154
CVE-2020-7774,154
CVE-2022-3545,154
CVE-2023-0266,154
CVE-2023-20569,153
CVE-2019-18804,153
CVE-2021-37701,153
CVE-2021-37712,153
CVE-2021-37713,153
CVE-2022-2586,152
CVE-2023-34455,152
CVE-2023-2454,152
CVE-2021-38207,151
CVE-2021-4083,151
CVE-2023-3610,151
CVE-2019-14892,151
CVE-2021-32803,151
CVE-2021-32804,151
CVE-2022-2526,150
CVE-2019-3855,148
CVE-2021-39685,148
CVE-2021-39698,148
CVE-2021-45469,148
CVE-2018-5968,148
CVE-2021-3640,146
CVE-2021-3752,146
CVE-2022-2978,146
CVE-2022-3649,146
CVE-2022-3221,145
CVE-2022-2522,145
CVE-2022-2571,145
CVE-2022-2580,145
CVE-2022-2581,145
CVE-2022-2874,145
CVE-2022-3153,145
CVE-2023-0049,145
CVE-2023-0051,145
CVE-2023-0288,145
CVE-2023-0433,145
CVE-2023-0512,145
CVE-2022-20421,145
CVE-2022-4095,145
CVE-2023-31248,145
CVE-2023-20588,145
CVE-2018-12020,144
CVE-2021-41864,144
CVE-2018-20406,144
CVE-2022-34169,144
CVE-2023-42752,144
CVE-2023-42756,144
CVE-2021-46669,144
CVE-2022-27376,144
CVE-2022-27377,144
CVE-2022-27378,144
CVE-2022-27379,144
CVE-2022-27380,144
CVE-2022-27381,144
CVE-2022-27383,144
CVE-2022-27384,144
CVE-2022-27386,144
CVE-2022-27387,144
CVE-2022-27445,144
CVE-2022-27447,144
CVE-2022-27448,144
CVE-2022-27449,144
CVE-2022-27452,144
CVE-2022-27456,144
CVE-2022-27458,144
CVE-2022-32083,144
CVE-2022-32084,144
CVE-2022-32085,144
CVE-2022-32087,144
CVE-2022-32088,144
CVE-2022-32091,144
CVE-2019-14439,144
CVE-2021-22543,143
CVE-2022-3278,143
CVE-2022-3296,143
CVE-2022-3297,143
CVE-2022-3491,143
CVE-2022-4292,143
CVE-2022-47024,143
CVE-2022-40303,143
CVE-2022-40304,143
CVE-2023-39410,143
CVE-2020-18032,143
CVE-2019-1349,142
CVE-2019-1352,142
CVE-2021-37576,142
CVE-2022-1679,141
CVE-2022-3028,141
CVE-2020-29363,141
CVE-2022-20422,140
CVE-2022-3635,140
CVE-2023-3389,139
CVE-2022-3970,138
CVE-2022-4744,138
CVE-2022-2257,137
CVE-2022-2264,137
CVE-2022-2284,137
CVE-2022-2286,137
CVE-2022-2287,137
CVE-2022-2288,137
CVE-2022-2289,137
CVE-2022-2343,137
CVE-2022-2344,137
CVE-2022-2345,137
CVE-2022-2816,137
CVE-2022-2817,137
CVE-2022-2819,137
CVE-2022-2845,137
CVE-2022-2849,137
CVE-2022-2862,137
CVE-2022-2889,137
CVE-2022-2923,137
CVE-2022-2980,137
CVE-2022-2982,137
CVE-2022-3016,137
CVE-2022-3037,137
CVE-2023-4504,137
CVE-2018-14404,136
CVE-2023-45322,136
CVE-2020-7788,136
CVE-2023-25434,136
CVE-2022-23960,136
CVE-2022-21499,135
CVE-2022-1734,133
CVE-2021-4104,133
CVE-2022-23302,133
CVE-2022-36946,133
CVE-2022-3602,133
CVE-2022-3786,133
CVE-2021-38300,132
CVE-2017-1000254,132
CVE-2022-20566,132
CVE-2021-39713,131
CVE-2021-4202,131
CVE-2023-22081,131
CVE-2019-19244,131
CVE-2021-46877,131
CVE-2019-17546,130
CVE-2023-31418,129
CVE-2019-5827,128
CVE-2021-20322,128
CVE-2021-3612,128
CVE-2021-3760,128
CVE-2021-38160,128
CVE-2021-40490,128
CVE-2021-42008,128
CVE-2021-45485,128
CVE-2022-0850,128
CVE-2022-20141,128
CVE-2020-26160,128
CVE-2018-12900,126
CVE-2023-20863,126
CVE-2017-1000366,126
CVE-2022-24048,126
CVE-2022-24050,126
CVE-2022-24051,126
CVE-2022-24052,126
CVE-2018-17100,125
CVE-2022-0001,125
CVE-2022-0002,125
CVE-2021-27290,124
CVE-2019-11745,123
CVE-2020-28469,123
CVE-2021-26720,123
CVE-2020-17525,122
CVE-2020-10531,122
CVE-2022-2625,122
CVE-2016-8625,122
CVE-2018-20506,121
CVE-2019-14835,121
CVE-2022-38900,121
CVE-2023-5072,121
CVE-2022-23648,121
CVE-2021-27928,121
CVE-2021-4002,120
CVE-2021-32399,119
CVE-2017-5130,119
CVE-2018-1124,118
CVE-2021-3715,118
CVE-2020-8203,118
CVE-2023-32803,118
CVE-2023-20593,118
CVE-2017-12640,118
CVE-2017-12983,118
CVE-2017-14224,118
CVE-2017-14607,118
CVE-2017-14682,118
CVE-2017-16546,118
CVE-2023-1436,117
CVE-2022-26365,117
CVE-2022-33740,117
CVE-2022-33741,117
CVE-2022-33742,117
CVE-2021-33034,116
CVE-2022-40150,116
CVE-2022-45685,116
CVE-2022-45693,116
CVE-2021-3506,115
CVE-2020-35492,115
CVE-2019-10172,114
CVE-2022-24070,114
CVE-2022-22942,114
CVE-2022-2639,114
CVE-2016-9586,114
SUSE-SU-2023:4512-1,114
CVE-2021-27364,113
CVE-2016-7141,113
CVE-2020-25670,112
CVE-2020-25671,112
CVE-2020-25672,112
CVE-2021-3483,112
CVE-2020-14583,112
CVE-2020-14593,112
CVE-2023-3341,112
CVE-2021-23133,111
CVE-2021-34981,111
CVE-2021-4157,111
CVE-2020-35523,111
CVE-2020-35524,111
CVE-2020-9327,111
CVE-2022-1552,111
CVE-2021-37714,111
CVE-2018-1122,110
CVE-2018-1123,110
CVE-2018-1125,110
CVE-2021-3347,110
CVE-2019-19880,110
CVE-2019-19926,110
CVE-2022-22970,110
CVE-2019-10208,110
CVE-2021-3516,109
CVE-2020-2803,109
CVE-2020-2805,109
CVE-2021-38604,108
CVE-2022-22968,108
CVE-2022-2964,108
CVE-2019-2201,107
SUSE-SU-2023:4619-1,107
CVE-2022-2977,107
CVE-2019-19768,106
CVE-2021-33033,106
CVE-2022-2602,106
CVE-2020-27171,105
CVE-2018-16428,104
CVE-2020-27170,104
CVE-2021-3156,104
CVE-2023-1838,104
CVE-2021-32027,104
CVE-2019-11477,103
CVE-2021-28660,103
CVE-2021-28165,103
CVE-2019-20916,103
CVE-2021-0512,102
CVE-2021-26930,102
CVE-2022-0408,102
CVE-2022-0413,102
CVE-2022-0443,102
CVE-2022-0685,102
CVE-2022-0729,102
CVE-2022-0943,102
CVE-2022-1154,102
CVE-2023-4387,102
CVE-2021-23214,102
CVE-2021-32490,102
CVE-2021-32491,102
CVE-2021-32492,102
CVE-2021-32493,102
CVE-2021-3500,102
CVE-2021-4197,101
CVE-2022-1652,101
CVE-2022-20368,101
CVE-2022-27666,101
CVE-2023-32700,101
CVE-2019-0155,100
CVE-2022-1048,100
CVE-2022-3202,100
CVE-2022-3239,100
CVE-2022-41858,100
CVE-2020-36385,100
SUSE-SU-2023:4200-1,99
CVE-2018-11235,98
CVE-2019-0203,98
CVE-2020-0466,98
CVE-2020-12653,98
CVE-2022-23491,98
CVE-2021-3927,98
CVE-2021-3928,98
CVE-2021-3974,98
CVE-2021-3984,98
CVE-2021-4069,98
CVE-2021-4192,98
CVE-2022-0554,98
CVE-2022-1619,98
CVE-2022-1621,98
CVE-2022-1851,98
CVE-2022-1898,98
CVE-2018-13346,97
CVE-2018-13348,97
CVE-2023-34241,97
CVE-2022-41222,97
CVE-2023-2156,97
CVE-2020-25694,97
CVE-2020-25695,97
CVE-2023-49465,96
CVE-2023-49467,96
CVE-2023-49468,96
CVE-2020-27815,96
CVE-2020-29569,96
CVE-2017-7500,96
CVE-2022-1720,96
CVE-2022-1968,96
CVE-2017-18640,96
CVE-2023-27103,95
CVE-2023-43887,95
CVE-2019-11478,95
CVE-2020-35519,95
CVE-2019-20454,95
SUSE-SU-2022:3773-1,95
CVE-2021-30560,95
CVE-2019-19816,94
CVE-2020-1749,94
CVE-2020-8648,94
CVE-2016-9840,94
CVE-2016-9842,94
SUSE-SU-2023:4519-1,94
CVE-2022-0891,94
CVE-2022-25315,94
CVE-2022-4244,94
CVE-2020-11668,93
CVE-2020-14351,93
CVE-2020-25668,93
CVE-2020-25669,93
CVE-2020-9383,93
CVE-2022-37434,93
CVE-2020-28052,93
CVE-2023-2163,93
SUSE-SU-2023:2227-1,93
CVE-2023-0030,93
CVE-2020-25705,92
CVE-2018-14598,92
CVE-2018-18311,92
CVE-2017-12837,91
CVE-2020-35457,91
CVE-2021-44733,91
CVE-2020-25643,90
CVE-2020-25645,90
CVE-2023-0179,90
CVE-2021-22600,90
CVE-2021-39634,89
CVE-2019-18197,89
CVE-2022-41721,88
CVE-2021-46848,87
CVE-2022-0368,87
CVE-2023-3141,87
CVE-2017-10928,87
CVE-2017-11170,87
CVE-2017-11188,87
CVE-2017-11449,87
CVE-2017-11450,87
CVE-2023-21102,86
CVE-2018-7208,85
CVE-2018-7643,85
CVE-2019-17666,85
CVE-2019-19074,85
CVE-2019-19448,85
CVE-2020-25212,85
CVE-2020-25696,85
SUSE-SU-2023:0310-1,85
CVE-2023-35823,85
CVE-2023-35824,85
CVE-2018-6543,84
CVE-2020-14356,84
CVE-2020-36386,84
CVE-2021-1048,84
CVE-2017-17095,84
CVE-2022-2196,84
CVE-2022-4379,84
CVE-2023-1872,84
CVE-2018-20976,83
CVE-2018-17101,83
CVE-2018-18557,83
CVE-2022-35737,83
CVE-2019-18276,83
CVE-2015-3217,83
CVE-2017-7186,83
CVE-2021-25215,83
SUSE-SU-2023:3997-1,82
SUSE-SU-2023:4524-1,82
CVE-2019-20387,82
CVE-2020-14350,82
CVE-2020-8625,82
SUSE-SU-2022:1670-1,82
CVE-2019-14816,81
CVE-2023-35828,81
CVE-2023-2828,81
CVE-2023-27561,81
CVE-2019-0980,81
CVE-2019-0981,81
CVE-2019-14821,80
CVE-2021-2389,80
CVE-2022-3424,80
CVE-2016-6352,79
CVE-2017-2870,79
CVE-2017-6313,79
CVE-2020-14152,78
CVE-2022-31197,78
CVE-2022-44638,78
CVE-2020-2604,78
CVE-2019-17075,77
CVE-2019-19447,77
CVE-2020-10757,77
CVE-2020-19131,77
CVE-2018-19591,77
CVE-2022-45688,77
CVE-2021-3778,77
CVE-2021-3796,77
CVE-2019-13509,77
CVE-2019-10220,76
CVE-2019-14814,76
CVE-2019-14815,76
CVE-2019-19052,76
CVE-2020-0444,76
CVE-2019-9674,76
CVE-2021-3444,76
CVE-2022-38177,76
CVE-2022-38178,76
SUSE-SU-2022:1870-1,76
CVE-2020-13871,75
CVE-2020-13974,75
CVE-2020-27786,75
CVE-2020-29368,75
CVE-2019-17514,75
CVE-2022-1419,75
CVE-2017-9111,75
CVE-2017-9115,75
CVE-2019-11487,74
CVE-2019-9506,74
CVE-2023-25577,74
CVE-2022-3623,74
CVE-2022-4139,74
CVE-2022-4696,74
CVE-2023-0240,74
CVE-2023-1295,74
CVE-2023-2006,74
CVE-2023-20928,74
CVE-2023-5528,74
CVE-2023-0996,74
CVE-2022-0629,74
CVE-2020-0198,74
CVE-2020-13113,74
CVE-2020-13114,74
CVE-2017-7619,74
CVE-2017-9098,74
CVE-2019-3900,73
CVE-2021-35039,73
CVE-2021-3743,73
CVE-2021-42252,73
CVE-2022-1678,73
CVE-2021-20298,73
CVE-2019-0136,72
CVE-2022-29217,72
CVE-2023-49460,71
CVE-2023-49462,71
CVE-2023-49463,71
CVE-2023-49464,71
CVE-2019-15917,71
SUSE-SU-2023:4044-1,71
CVE-2017-15650,71
CVE-2019-12749,71
CVE-2020-11612,71
CVE-2019-9513,70
CVE-2019-15117,70
CVE-2019-2215,70
CVE-2023-49081,70
CVE-2019-2698,70
CVE-2019-9511,69
CVE-2020-14381,69
CVE-2020-29370,69
CVE-2020-8428,69
CVE-2009-5155,69
CVE-2020-11979,69
CVE-2019-12735,69
CVE-2023-4015,69
CVE-2021-20299,69
CVE-2018-10915,69
CVE-2023-38408,69
CVE-2018-5391,68
CVE-2018-16335,68
CVE-2018-8905,68
CVE-2021-31684,68
CVE-2017-11464,68
CVE-2017-12448,67
CVE-2017-12449,67
CVE-2017-12450,67
CVE-2017-12451,67
CVE-2017-12452,67
CVE-2017-12453,67
CVE-2017-12454,67
CVE-2017-12455,67
CVE-2017-12456,67
CVE-2017-12457,67
CVE-2017-12458,67
CVE-2017-12459,67
CVE-2017-12799,67
CVE-2017-13710,67
CVE-2017-14333,67
CVE-2017-14729,67
CVE-2017-14745,67
CVE-2018-6323,67
CVE-2022-4304,67
CVE-2022-41674,67
CVE-2022-42719,67
CVE-2022-42720,67
CVE-2023-34054,67
CVE-2023-34062,67
CVE-2019-9924,67
CVE-2023-4569,67
CVE-2017-18077,67
CVE-2020-13777,67
CVE-2019-9512,67
CVE-2019-9514,67
CVE-2019-15239,66
CVE-2019-3846,66
CVE-2020-25648,66
CVE-2022-24785,66
CVE-2020-8116,66
CVE-2017-3731,66
CVE-2023-3676,66
CVE-2023-3955,66
CVE-2020-13936,66
CVE-2016-6328,66
CVE-2018-20030,66
CVE-2021-43138,65
CVE-2016-3616,65
CVE-2018-1128,64
CVE-2017-12596,64
SUSE-SU-2022:2328-1,64
CVE-2022-41032,64
CVE-2019-13272,63
CVE-2022-1941,63
SUSE-SU-2022:2947-1,63
CVE-2020-8616,63
CVE-2019-3829,62
CVE-2018-20836,62
CVE-2019-10639,62
CVE-2019-11599,62
CVE-2022-31129,62
CVE-2022-27404,62
CVE-2015-8540,62
CVE-2022-3625,62
CVE-2019-9278,62
CVE-2020-0181,62
CVE-2018-5360,62
CVE-2019-6128,62
CVE-2017-18509,61
CVE-2018-16884,61
CVE-2019-11479,61
CVE-2019-11486,61
CVE-2019-6974,61
CVE-2019-7221,61
CVE-2019-9503,61
CVE-2020-35512,61
CVE-2018-12130,61
CVE-2021-44648,61
CVE-2023-31582,61
CVE-2018-1053,61
CVE-2018-1058,61
CVE-2017-20165,60
CVE-2021-30465,60
CVE-2023-32629,60
CVE-2021-46829,60
CVE-2020-7754,60
SUSE-SU-2021:1412-1,60
SUSE-SU-2021:2143-1,60
CVE-2017-6363,59
CVE-2023-21937,59
CVE-2023-21938,59
CVE-2023-21939,59
CVE-2023-21954,59
CVE-2023-21967,59
CVE-2023-21968,59
CVE-2018-6798,58
CVE-2021-39714,58
CVE-2021-28861,58
CVE-2019-2602,58
SUSE-SU-2022:2361-1,58
CVE-2022-27382,58
CVE-2022-27444,58
CVE-2022-27446,58
CVE-2022-27451,58
CVE-2022-27455,58
CVE-2022-27457,58
CVE-2022-32081,58
CVE-2022-32082,58
CVE-2022-32086,58
CVE-2022-32089,58
CVE-2019-0205,58
CVE-2020-27814,58
CVE-2020-27823,58
CVE-2020-6851,58
CVE-2020-8112,58
CVE-2020-14060,58
CVE-2020-14061,58
CVE-2020-14062,58
CVE-2020-14195,58
SUSE-SU-2020:3313-1,58
SUSE-SU-2021:0723-1,58
SUSE-SU-2023:4587-1,58
CVE-2018-1000168,57
CVE-2018-1000026,57
CVE-2018-17182,57
CVE-2018-19824,57
CVE-2019-11810,57
CVE-2019-12818,57
CVE-2019-15916,57
CVE-2019-15927,57
CVE-2019-16413,57
SUSE-SU-2023:4518-1,57
CVE-2018-16487,57
CVE-2020-11884,57
GHSA-56pw-mpj4-fxww,57
SUSE-SU-2022:3871-1,57
CVE-2022-2585,57
CVE-2021-31799,57
CVE-2018-19362,57
CVE-2020-11501,57
SUSE-SU-2022:1158-1,56
SUSE-SU-2023:2048-1,56
CVE-2021-38371,56
CVE-2023-6377,56
CVE-2023-6478,56
CVE-2018-3149,55
CVE-2021-45105,55
CVE-2017-10790,54
CVE-2017-18249,54
CVE-2019-20149,54
CVE-2023-24998,54
CVE-2022-25858,54
CVE-2020-10672,54
CVE-2020-10968,54
CVE-2020-10969,54
CVE-2020-11111,54
CVE-2020-11112,54
CVE-2020-11113,54
CVE-2020-11619,54
CVE-2020-11620,54
SUSE-SU-2023:3955-1,54
CVE-2022-48434,54
CVE-2018-18281,53
CVE-2018-5848,53
CVE-2019-18683,53
CVE-2019-2024,53
CVE-2019-9458,53
CVE-2021-22573,53
SUSE-SU-2023:3823-1,53
CVE-2018-12126,53
CVE-2018-12127,53
CVE-2018-12207,53
CVE-2020-0433,52
CVE-2020-14305,52
CVE-2020-25220,52
CVE-2016-1252,52
CVE-2016-6304,52
GHSA-74fp-r6jw-h4mp,52
CVE-2018-20834,52
CVE-2022-30321,52
CVE-2022-30322,52
CVE-2022-30323,52
CVE-2023-5367,52
CVE-2023-5574,52
SUSE-SU-2023:2640-1,52
CVE-2019-2182,51
CVE-2019-10086,51
SUSE-SU-2022:0832-1,51
CVE-2020-0478,51
CVE-2018-12023,51
CVE-2019-13173,51
SUSE-SU-2023:3828-1,50
CVE-2023-33170,50
CVE-2020-14349,50
SUSE-SU-2021:0653-1,50
SUSE-SU-2023:0056-2,50
SUSE-SU-2023:1295-1,50
CVE-2019-5815,50
CVE-2023-21400,50
CVE-2019-14287,50
SUSE-SU-2023:0781-1,50
CVE-2022-3064,50
CVE-2018-5390,49
CVE-2019-25045,49
CVE-2023-30861,49
CVE-2018-20969,49
CVE-2019-13638,49
CVE-2022-0235,49
CVE-2018-7999,49
CVE-2015-9381,49
CVE-2021-3348,49
CVE-2021-3770,49
CVE-2017-17512,48
CVE-2018-15756,48
SUSE-SU-2022:1061-1,48
CVE-2022-25308,48
CVE-2021-3803,48
CVE-2019-8904,48
CVE-2016-10146,48
CVE-2016-10252,48
CVE-2016-8707,48
CVE-2017-5506,48
CVE-2017-5507,48
CVE-2017-5510,48
CVE-2018-10902,47
CVE-2018-13405,47
CVE-2019-6977,47
CVE-2021-3903,47
CVE-2021-3973,47
CVE-2022-2124,47
CVE-2022-2126,47
CVE-2020-36327,47
CVE-2018-2755,47
CVE-2021-4034,47
CVE-2019-15538,46
CVE-2022-0155,46
SUSE-SU-2023:4225-1,46
CVE-2018-3169,46
CVE-2022-27385,46
CVE-2020-27619,46
CVE-2020-28007,46
CVE-2020-28008,46
CVE-2020-28009,46
CVE-2020-28011,46
CVE-2020-28012,46
CVE-2020-28013,46
CVE-2020-28015,46
CVE-2020-28019,46
CVE-2020-28021,46
CVE-2020-28023,46
CVE-2020-28025,46
CVE-2023-4759,46
CVE-2019-16775,46
CVE-2019-16776,46
CVE-2019-16777,46
CVE-2020-10663,46
CVE-2021-40690,46
CVE-2019-16869,46
CVE-2019-11729,45
CVE-2017-11335,45
CVE-2017-12944,45
CVE-2017-9935,45
CVE-2018-17795,45
CVE-2022-4883,45
CVE-2020-3898,45
CVE-2023-44271,45
CVE-2019-10164,45
SUSE-SU-2022:3597-1,45
SUSE-SU-2022:3912-1,45
CVE-2021-41817,45
CVE-2021-28965,45
CVE-2018-1320,45
CVE-2017-1000422,45
CVE-2018-18021,44
CVE-2017-15412,44
CVE-2022-29167,44
SUSE-SU-2021:2157-1,44
SUSE-SU-2021:1647-1,44
SUSE-SU-2022:1750-1,44
CVE-2018-20856,43
CVE-2019-18675,43
CVE-2019-9500,43
CVE-2019-11135,43
CVE-2020-21598,43
CVE-2021-36409,43
CVE-2022-47655,43
CVE-2022-47664,43
CVE-2022-47665,43
CVE-2023-25221,43
CVE-2023-46234,43
CVE-2012-0881,43
CVE-2013-4002,43
SUSE-SU-2023:1776-1,42
CVE-2022-38013,42
CVE-2023-1390,42
CVE-2018-18074,42
CVE-2020-12783,42
CVE-2022-40982,42
CVE-2023-5633,41
CVE-2018-13406,41
CVE-2018-14634,41
CVE-2022-44617,41
CVE-2022-46285,41
CVE-2017-16544,41
CVE-2016-5007,41
CVE-2018-1272,41
CVE-2019-19770,41
CVE-2020-0423,41
CVE-2017-14229,41
CVE-2017-6852,41
CVE-2018-19543,41
CVE-2017-9113,41
CVE-2018-18444,41
CVE-2017-1000117,41
CVE-2017-2862,41
CVE-2017-7656,40
CVE-2023-36478,40
CVE-2022-0204,40
CVE-2022-39176,40
CVE-2022-39177,40
CVE-2019-19377,40
CVE-2021-33621,40
CVE-2017-13748,40
CVE-2018-19540,40
CVE-2018-19541,40
CVE-2019-12418,40
CVE-2019-17563,40
CVE-2021-25122,40
CVE-2021-25329,40
CVE-2018-5743,40
CVE-2022-23521,40
CVE-2022-41903,40
CVE-2023-5345,39
CVE-2018-1087,39
CVE-2018-10878,39
CVE-2018-10879,39
CVE-2018-14633,39
CVE-2018-14678,39
CVE-2018-14734,39
CVE-2018-16276,39
CVE-2018-6555,39
CVE-2018-9363,39
CVE-2018-9516,39
CVE-2022-29154,39
CVE-2023-45871,39
CVE-2019-7175,39
CVE-2019-7395,39
CVE-2019-7396,39
CVE-2019-7397,39
CVE-2019-7398,39
SUSE-SU-2023:2957-1,39
SUSE-SU-2023:3708-1,39
CVE-2017-12613,38
CVE-2019-11815,38
CVE-2017-1000251,38
CVE-2020-15999,38
CVE-2022-1055,38
CVE-2022-25636,38
CVE-2022-33743,38
CVE-2022-41966,38
CVE-2023-1393,38
CVE-2022-45868,38
SUSE-SU-2022:2991-1,38
SUSE-SU-2022:2102-1,38
SUSE-SU-2022:3229-1,38
SUSE-SU-2022:4282-1,38
SUSE-SU-2022:4631-1,38
CVE-2018-2562,38
CVE-2023-2176,37
CVE-2018-8897,37
CVE-2017-9233,37
CVE-2019-16884,37
CVE-2020-25613,37
CVE-2017-9462,37
CVE-2019-14893,37
SUSE-SU-2022:2882-1,37
SUSE-SU-2021:4154-1,37
GHSA-7c2q-5qmr-v76q,37
GHSA-r68h-jhhj-9jvm,37
CVE-2020-12049,37
CVE-2023-6111,36
CVE-2018-10853,36
CVE-2018-11506,36
CVE-2018-12233,36
CVE-2018-5814,36
CVE-2018-9518,36
CVE-2017-1000112,36
CVE-2016-6313,36
CVE-2022-48303,36
NSWG-ECO-516,36
CVE-2019-8675,36
CVE-2019-8696,36
CVE-2022-3550,36
CVE-2022-4283,36
CVE-2022-46340,36
CVE-2022-46341,36
CVE-2022-46342,36
CVE-2022-46343,36
CVE-2022-46344,36
CVE-2023-0494,36
CVE-2018-10925,36
CVE-2022-40151,36
CVE-2019-19604,36
CVE-2017-15908,35
CVE-2021-3749,35
CVE-2017-9735,35
SUSE-SU-2020:0331-1,35
CVE-2023-20883,35
SUSE-SU-2021:2830-1,35
CVE-2021-20206,35
CVE-2018-5740,35
CVE-2023-5217,35
CVE-2016-10059,35
CVE-2016-10063,35
CVE-2016-10064,35
CVE-2016-10065,35
CVE-2016-10067,35
CVE-2016-8677,35
CVE-2016-8862,35
CVE-2018-14625,34
CVE-2019-16995,34
CVE-2019-8980,34
CVE-2017-15010,34
CVE-2018-11237,34
CVE-2022-42969,34
CVE-2022-40899,34
CVE-2023-46129,34
CVE-2021-25741,34
SUSE-SU-2022:3305-1,34
CVE-2020-21469,34
CVE-2021-43859,34
CVE-2021-4008,34
CVE-2021-4009,34
CVE-2021-4011,34
CVE-2022-2319,34
CVE-2022-2320,34
CVE-2021-33623,34
SUSE-SU-2022:0736-1,34
CVE-2020-8623,34
CVE-2018-9568,33
CVE-2015-5211,33
CVE-2022-2068,33
CVE-2020-13949,33
SUSE-SU-2021:0955-1,33
SUSE-SU-2021:1523-1,33
SUSE-SU-2021:1654-1,33
CVE-2019-9636,33
CVE-2021-43816,33
CVE-2019-25013,33
CVE-2017-14160,33
CVE-2018-10392,33
CVE-2018-10393,33
CVE-2022-23267,33
CVE-2022-24464,33
CVE-2022-29117,33
CVE-2022-29145,33
CVE-2017-14176,32
CVE-2017-7533,32
CVE-2021-28092,32
CVE-2021-29059,32
CVE-2016-2179,32
CVE-2016-2180,32
CVE-2016-2181,32
CVE-2016-6302,32
CVE-2022-1292,32
CVE-2021-29505,32
CVE-2021-39139,32
CVE-2021-39141,32
CVE-2021-39144,32
CVE-2021-39145,32
CVE-2021-39146,32
CVE-2021-39147,32
CVE-2021-39148,32
CVE-2021-39149,32
CVE-2021-39150,32
CVE-2021-39151,32
CVE-2021-39152,32
CVE-2021-39153,32
CVE-2021-39154,32
CVE-2019-0145,32
SUSE-SU-2022:0178-1,32
SUSE-SU-2022:0498-1,32
SUSE-SU-2022:0713-1,32
SUSE-SU-2022:0844-1,32
CVE-2016-1234,32
CVE-2016-3075,32
CVE-2016-3706,32
CVE-2016-6252,32
CVE-2017-14867,32
CVE-2023-47360,32
CVE-2017-15649,31
CVE-2017-16939,31
CVE-2017-1000048,31
CVE-2020-27216,31
CVE-2016-7098,31
CVE-2021-21341,31
CVE-2021-41819,31
CVE-2018-3737,31
NSWG-ECO-401,31
SUSE-SU-2021:2800-1,31
SUSE-SU-2023:3434-1,31
SUSE-SU-2022:0702-1,31
SUSE-SU-2022:3549-1,31
CVE-2022-23457,31
CVE-2021-31535,31
CVE-2016-8610,31
SUSE-SU-2023:0707-1,31
CVE-2016-10228,31
CVE-2020-29562,31
CVE-2017-13305,30
CVE-2018-16871,30
CVE-2017-10688,30
CVE-2023-40303,30
CVE-2020-26217,30
CVE-2020-26258,30
CVE-2022-0185,30
SUSE-SU-2020:3377-1,30
SUSE-SU-2021:0778-1,30
SUSE-SU-2021:0935-1,30
SUSE-SU-2021:0930-1,30
SUSE-SU-2021:2320-1,30
CVE-2016-6323,30
CVE-2019-10160,30
CVE-2021-28041,30
CVE-2021-1723,30
CVE-2022-3171,30
CVE-2017-1000405,29
GHSA-8j8c-7jfh-h6hx,29
SUSE-SU-2023:3954-1,29
CVE-2023-37460,29
CVE-2018-6954,29
CVE-2022-24771,29
CVE-2022-24772,29
SUSE-SU-2020:3721-1,29
CVE-2022-28739,29
CVE-2017-1000115,29
CVE-2018-3620,29
CVE-2018-3646,29
CVE-2018-16395,29
SUSE-SU-2022:3544-1,29
SUSE-SU-2022:4281-1,29
CVE-2015-3900,29
CVE-2017-10663,28
CVE-2018-1000035,28
CVE-2023-34231,28
CVE-2019-10773,28
CVE-2020-8131,28
CVE-2018-21010,28
CVE-2021-4010,28
CVE-2022-23639,28
CVE-2023-0216,28
CVE-2023-0217,28
CVE-2023-0401,28
CVE-2019-12402,28
CVE-2019-8324,28
CVE-2020-2816,28
openSUSE-SU-2022:1065-1,28
CVE-2017-18595,27
CVE-2018-8781,27
CVE-2017-0663,27
CVE-2017-9047,27
CVE-2017-9048,27
CVE-2017-9049,27
CVE-2017-9050,27
CVE-2022-25927,27
CVE-2017-7501,27
CVE-2021-43527,27
CVE-2022-46751,27
CVE-2023-31486,27
CVE-2019-18634,27
SUSE-SU-2023:0868-1,27
CVE-2017-11468,27
CVE-2016-6321,27
CVE-2017-8386,27
CVE-2017-1000376,27
CVE-2016-6489,27
SUSE-SU-2022:4071-1,27
CVE-2018-18559,26
CVE-2018-1000156,26
GHSA-6x33-pw7p-hmpq,26
CVE-2020-13757,26
CVE-2022-1786,26
CVE-2022-20568,26
CVE-2022-2327,26
CVE-2022-28893,26
CVE-2022-2959,26
CVE-2022-3577,26
CVE-2023-2008,26
CVE-2022-3204,26
CVE-2019-2213,26
CVE-2016-8858,26
CVE-2022-47629,26
CVE-2016-9112,26
CVE-2021-4028,26
CVE-2018-1000850,26
CVE-2021-22112,26
CVE-2021-23240,26
CVE-2023-44488,26
CVE-2020-16122,26
CVE-2020-16845,26
CVE-2021-23424,25
CVE-2019-11719,25
CVE-2019-17007,25
CVE-2017-13089,25
CVE-2017-13090,25
CVE-2022-45198,25
CVE-2022-0995,25
CVE-2022-1158,25
CVE-2022-29582,25
CVE-2023-28410,25
CVE-2023-4389,25
CVE-2022-3559,25
CVE-2023-42116,25
CVE-2023-42117,25
CVE-2020-19498,25
CVE-2020-19499,25
CVE-2020-23109,25
CVE-2022-37454,25
CVE-2018-12930,25
CVE-2018-12931,25
CVE-2020-8130,25
CVE-2023-32360,25
CVE-2018-1000632,25
CVE-2021-21272,25
CVE-2017-13166,24
CVE-2021-44531,24
SUSE-SU-2020:3732-1,24
SUSE-SU-2022:0857-1,24
SUSE-SU-2023:0306-1,24
CVE-2020-36131,24
CVE-2020-36133,24
CVE-2020-24394,24
CVE-2018-14553,24
CVE-2022-21724,24
CVE-2017-7223,24
CVE-2017-7225,24
CVE-2017-7227,24
CVE-2017-7300,24
CVE-2017-7301,24
CVE-2017-7302,24
CVE-2017-7303,24
CVE-2017-7304,24
CVE-2017-8393,24
CVE-2017-8394,24
CVE-2017-8395,24
CVE-2017-8396,24
CVE-2017-8397,24
CVE-2017-8398,24
CVE-2018-1000222,24
CVE-2016-2853,24
CVE-2016-2854,24
CVE-2017-10662,24
CVE-2017-5972,24
CVE-2019-2054,24
CVE-2023-6481,24
CVE-2019-20838,24
CVE-2023-42917,24
CVE-2016-10196,24
CVE-2016-10197,24
CVE-2021-31566,24
SUSE-SU-2022:2174-1,24
SUSE-SU-2022:3485-1,24
CVE-2018-15471,23
CVE-2018-7566,23
CVE-2018-8822,23
CVE-2017-1000111,23
CVE-2015-2080,23
CVE-2017-7507,23
CVE-2019-11324,23
SUSE-SU-2022:4628-1,23
CVE-2022-0516,23
CVE-2022-0847,23
CVE-2022-1998,23
CVE-2022-29156,23
CVE-2022-2938,23
CVE-2022-0393,23
CVE-2022-1160,23
CVE-2022-1381,23
CVE-2015-8947,23
CVE-2016-10905,23
CVE-2015-5600,23
CVE-2016-10009,23
CVE-2016-10012,23
CVE-2016-10708,23
CVE-2016-6515,23
CVE-2019-3881,23
CVE-2019-19232,23
CVE-2019-19234,23
CVE-2022-21476,23
CVE-2020-28491,23
CVE-2023-3823,23
CVE-2017-15098,23
CVE-2019-18408,23
CVE-2021-23177,23
SUSE-SU-2023:2945-1,23
CVE-2018-15594,23
CVE-2023-43115,23
CVE-2018-17846,23
CVE-2022-41409,23
CVE-2023-47470,23
CVE-2023-39616,22
CVE-2017-0861,22
CVE-2017-13168,22
CVE-2018-5332,22
CVE-2018-6927,22
CVE-2019-12881,22
CVE-2018-15209,22
GHSA-6chw-6frg-f759,22
CVE-2023-46402,22
CVE-2019-10906,22
CVE-2019-9232,22
CVE-2020-0034,22
CVE-2021-3472,22
CVE-2022-44729,22
CVE-2023-46589,22
CVE-2023-1108,22
CVE-2022-37866,22
CVE-2020-29573,22
CVE-2023-3772,22
CVE-2023-38572,22
CVE-2023-38592,22
CVE-2023-38594,22
CVE-2023-38595,22
CVE-2023-38597,22
CVE-2023-38600,22
CVE-2023-38611,22
CVE-2022-31249,22
CVE-2016-10048,22
CVE-2016-10049,22
CVE-2016-10050,22
CVE-2016-10051,22
CVE-2016-10052,22
CVE-2016-10054,22
CVE-2016-10055,22
CVE-2016-10056,22
CVE-2016-10057,22
CVE-2016-4562,22
CVE-2016-4563,22
CVE-2016-5688,22
CVE-2016-5842,22
CVE-2016-6491,22
CVE-2016-6823,22
CVE-2016-7539,22
SUSE-SU-2023:3707-1,22
CVE-2017-16526,21
CVE-2017-18270,21
CVE-2017-8824,21
GHSA-36jr-mh4h-2g58,21
GHSA-h6ch-v84p-w6p9,21
SUSE-SU-2023:3365-1,21
SUSE-SU-2023:0056-1,21
CVE-2023-30590,21
CVE-2022-23647,21
CVE-2023-1252,21
CVE-2020-8617,21
CVE-2017-5715,21
CVE-2023-3397,21
CVE-2016-8615,21
CVE-2016-8617,21
CVE-2016-8621,21
CVE-2016-8623,21
CVE-2016-8624,21
CVE-2017-6891,21
CVE-2021-45078,21
CVE-2019-2697,21
CVE-2018-3693,21
CVE-2017-17405,21
CVE-2023-36414,21
CVE-2018-9385,20
CVE-2018-9415,20
CVE-2018-10675,20
CVE-2019-20920,20
GHSA-2cf5-4w76-r9qv,20
GHSA-g9r4-xpmj-mj65,20
GHSA-q2c6-c6pm-g3gh,20
CVE-2021-27292,20
CVE-2019-0053,20
CVE-2022-39028,20
SUSE-SU-2022:3766-1,20
CVE-2020-13249,20
CVE-2019-5448,20
CVE-2020-14360,20
CVE-2020-25712,20
CVE-2021-32723,20
CVE-2022-21680,20
CVE-2022-21681,20
CVE-2023-44466,20
CVE-2022-3996,20
CVE-2017-7805,20
CVE-2023-33265,20
CVE-2012-6711,20
CVE-2023-32393,20
CVE-2016-10269,20
CVE-2016-10270,20
CVE-2016-3658,20
CVE-2017-7592,20
CVE-2017-7596,20
CVE-2017-7597,20
CVE-2017-7598,20
CVE-2017-7599,20
CVE-2017-7600,20
CVE-2017-7601,20
CVE-2017-7602,20
CVE-2016-5131,20
SUSE-SU-2022:2357-1,20
CVE-2019-9764,20
CVE-2020-7219,20
CVE-2021-32574,20
CVE-2021-36213,20
CVE-2021-37219,20
CVE-2022-29153,20
SUSE-SU-2023:2224-1,20
CVE-2018-17847,20
CVE-2018-17848,20
CVE-2018-5146,20
CVE-2017-7189,20
CVE-2017-7272,20
CVE-2017-1000407,19
CVE-2017-1000410,19
CVE-2017-17448,19
CVE-2017-17450,19
CVE-2017-17805,19
CVE-2017-17806,19
GHSA-q42p-pg8m-cqh6,19
CVE-2020-7660,19
CVE-2022-0144,19
SUSE-SU-2020:1735-1,19
SUSE-SU-2022:2813-1,19
SUSE-SU-2022:3772-1,19
SUSE-SU-2023:2228-1,19
CVE-2016-7052,19
CVE-2017-1000364,19
CVE-2017-1000379,19
CVE-2019-14322,19
SUSE-SU-2022:3922-1,19
CVE-2021-4166,19
CVE-2022-1620,19
CVE-2022-1629,19
CVE-2022-1733,19
CVE-2022-1735,19
CVE-2022-1769,19
CVE-2022-1796,19
CVE-2022-1886,19
CVE-2022-1927,19
CVE-2022-2125,19
CVE-2022-2175,19
CVE-2022-2182,19
CVE-2022-2183,19
CVE-2022-2206,19
CVE-2022-2207,19
CVE-2022-2210,19
CVE-2021-33502,19
CVE-2020-12657,19
CVE-2022-39377,19
CVE-2023-28755,19
CVE-2022-28946,19
CVE-2022-33082,19
CVE-2022-43995,19
CVE-2021-32066,19
CVE-2021-42771,19
CVE-2019-6454,19
CVE-2018-10897,19
CVE-2017-11164,19
CVE-2023-34324,19
CVE-2015-8270,19
CVE-2016-3990,19
CVE-2021-29482,19
CVE-2017-0786,18
CVE-2017-15115,18
CVE-2017-15265,18
CVE-2017-18214,18
CVE-2021-23440,18
CVE-2021-21353,18
SUSE-SU-2022:0179-1,18
SUSE-SU-2022:0495-1,18
SUSE-SU-2022:0698-1,18
SUSE-SU-2022:0842-1,18
SUSE-SU-2022:3466-1,18
SUSE-SU-2022:3874-1,18
SUSE-SU-2022:1160-1,18
CVE-2018-2794,18
CVE-2018-2814,18
CVE-2022-2048,18
CVE-2023-45683,18
CVE-2021-41495,18
CVE-2019-8922,18
CVE-2020-27153,18
CVE-2018-7408,18
CVE-2017-7961,18
CVE-2020-5398,18
CVE-2017-5637,18
CVE-2018-8012,18
CVE-2020-12762,18
CVE-2020-13692,18
CVE-2019-13734,18
CVE-2023-44446,18
CVE-2023-39434,18
CVE-2023-40451,18
CVE-2016-10244,18
CVE-2016-10092,18
CVE-2016-10093,18
CVE-2016-10094,18
CVE-2016-10271,18
CVE-2016-10272,18
CVE-2016-3623,18
CVE-2016-3624,18
CVE-2016-3631,18
CVE-2016-3632,18
CVE-2016-3633,18
CVE-2016-3634,18
CVE-2016-3945,18
CVE-2016-3991,18
CVE-2016-5314,18
CVE-2016-5323,18
CVE-2016-5652,18
CVE-2016-8331,18
CVE-2016-9297,18
CVE-2016-9453,18
CVE-2022-24975,18
CVE-2018-15572,18
SUSE-SU-2023:3363-1,18
CVE-2017-18344,18
CVE-2022-4907,18
CVE-2018-6003,17
CVE-2017-12154,17
CVE-2016-2183,17
CVE-2021-25290,17
CVE-2021-25291,17
CVE-2021-27921,17
CVE-2021-27922,17
CVE-2021-27923,17
CVE-2021-28676,17
CVE-2021-28677,17
SUSE-SU-2023:0871-1,17
CVE-2021-3968,17
CVE-2021-4136,17
CVE-2022-0696,17
CVE-2022-0714,17
CVE-2022-1420,17
CVE-2022-1674,17
CVE-2022-1725,17
CVE-2022-1771,17
CVE-2022-2042,17
CVE-2022-2208,17
CVE-2022-2231,17
CVE-2022-23222,17
CVE-2015-6420,17
CVE-2023-32697,17
CVE-2017-7502,17
CVE-2019-9923,17
CVE-2023-3212,17
CVE-2018-1000876,17
CVE-2018-19931,17
CVE-2019-9075,17
CVE-2019-9077,17
CVE-2023-6207,17
CVE-2023-6212,17
CVE-2017-16612,17
CVE-2017-16995,16
CVE-2017-11089,16
CVE-2017-18079,16
CVE-2020-7662,16
CVE-2018-4180,16
CVE-2018-6553,16
CVE-2016-3092,16
CVE-2020-7711,16
CVE-2020-7731,16
GHSA-gq5r-cc4w-g8xf,16
CVE-2020-35653,16
CVE-2022-21699,16
CVE-2020-7212,16
CVE-2019-14806,16
CVE-2020-8558,16
CVE-2023-0468,16
CVE-2023-3899,16
CVE-2022-46363,16
CVE-2018-9422,16
CVE-2020-14345,16
CVE-2020-14346,16
CVE-2020-14361,16
CVE-2020-14362,16
CVE-2022-2881,16
CVE-2023-34104,16
CVE-2019-0231,16
CVE-2016-7543,16
CVE-2018-17456,16
CVE-2023-41915,16
CVE-2023-28198,16
CVE-2023-32370,16
CVE-2023-38133,16
CVE-2023-38599,16
CVE-2023-40397,16
CVE-2023-39192,16
CVE-2023-39193,16
CVE-2023-39194,16
CVE-2016-10087,16
CVE-2018-1000877,16
CVE-2018-1000878,16
CVE-2018-3209,16
SUSE-SU-2023:0429-1,16
CVE-2023-5724,16
CVE-2023-5728,16
CVE-2023-36664,16
CVE-2015-7547,16
CVE-2017-17712,15
CVE-2017-1000370,15
CVE-2017-1000371,15
CVE-2017-11600,15
CVE-2017-12134,15
CVE-2017-7518,15
CVE-2022-21824,15
CVE-2020-7733,15
CVE-2020-7793,15
CVE-2020-10379,15
CVE-2020-11538,15
CVE-2020-35654,15
CVE-2021-25293,15
CVE-2023-25658,15
CVE-2023-25659,15
CVE-2023-25660,15
CVE-2023-25662,15
CVE-2023-25663,15
CVE-2023-25665,15
CVE-2023-25666,15
CVE-2023-25669,15
CVE-2023-25670,15
CVE-2023-25672,15
CVE-2023-25673,15
CVE-2023-25674,15
CVE-2023-25675,15
CVE-2023-25676,15
CVE-2023-25801,15
CVE-2023-27579,15
CVE-2022-1116,15
CVE-2020-13822,15
CVE-2020-28010,15
GHSA-9wmc-rg4h-28wv,15
CVE-2015-9016,15
CVE-2017-13220,15
CVE-2019-1350,15
CVE-2019-1351,15
CVE-2019-1354,15
CVE-2022-24713,15
GHSA-9hpw-r23r-xgm5,15
CVE-2018-3064,15
CVE-2021-43818,15
CVE-2023-1206,15
CVE-2016-5419,15
CVE-2016-5420,15
CVE-2016-5421,15
CVE-2017-5335,15
CVE-2017-7869,15
CVE-2014-9356,15
CVE-2021-4155,15
CVE-2022-36364,15
CVE-2020-29529,15
CVE-2017-5753,15
CVE-2021-27293,15
CVE-2017-6362,14
CVE-2017-1000365,14
CVE-2017-11176,14
CVE-2017-7482,14
CVE-2017-7541,14
CVE-2017-16138,14
CVE-2016-10540,14
NSWG-ECO-118,14
CVE-2017-17426,14
SUSE-SU-2021:1165-1,14
SUSE-SU-2022:0441-1,14
CVE-2022-29208,14
CVE-2022-29216,14
CVE-2022-35937,14
CVE-2022-35939,14
CVE-2022-41900,14
CVE-2022-41902,14
CVE-2023-25664,14
CVE-2023-25671,14
CVE-2018-11233,14
CVE-2021-3795,14
CVE-2023-2515,14
CVE-2023-6458,14
CVE-2021-3629,14
CVE-2021-3859,14
CVE-2022-2053,14
CVE-2020-9484,14
CVE-2020-17527,14
CVE-2020-7692,14
CVE-2020-7720,14
CVE-2017-7547,14
CVE-2017-7548,14
CVE-2017-2647,14
CVE-2021-0920,14
CVE-2019-0199,14
CVE-2019-10072,14
CVE-2019-2949,14
CVE-2020-2601,14
CVE-2023-6277,14
CVE-2020-9492,14
CVE-2017-6892,14
CVE-2023-6208,14
CVE-2021-3777,14
CVE-2023-37369,14
CVE-2023-38197,14
SUSE-SU-2023:3686-1,14
CVE-2021-3618,13
CVE-2020-8174,13
CVE-2021-22883,13
CVE-2021-22884,13
CVE-2016-2108,13
CVE-2017-1000367,13
CVE-2020-7792,13
CVE-2022-21213,13
SUSE-SU-2021:1658-1,13
SUSE-SU-2022:1833-1,13
SUSE-SU-2022:3717-1,13
CVE-2021-23437,13
CVE-2018-6594,13
CVE-2022-41894,13
CVE-2021-4193,13
CVE-2022-0156,13
CVE-2022-0158,13
CVE-2022-0213,13
CVE-2022-0318,13
CVE-2022-27772,13
CVE-2020-7753,13
CVE-2021-2388,13
CVE-2021-35565,13
CVE-2021-35567,13
CVE-2022-43548,13
CVE-2022-4055,13
CVE-2014-8139,13
CVE-2014-8140,13
CVE-2014-8141,13
CVE-2016-10249,13
CVE-2017-13194,13
CVE-2017-2636,13
CVE-2017-7308,13
CVE-2016-8666,13
CVE-2017-8797,13
CVE-2020-8834,13
SUSE-SU-2022:3804-1,13
CVE-2019-14888,13
CVE-2020-10705,13
CVE-2020-1745,13
CVE-2020-1757,13
CVE-2020-27782,13
CVE-2021-3690,13
CVE-2019-7611,13
CVE-2017-15288,13
SUSE-SU-2023:0311-1,13
CVE-2023-5721,13
CVE-2023-5730,13
CVE-2023-6204,13
CVE-2023-6205,13
CVE-2023-6206,13
CVE-2017-14245,13
CVE-2017-14246,13
CVE-2018-19662,13
CVE-2018-3774,13
CVE-2017-12428,13
CVE-2022-33099,12
CVE-2020-8265,12
CVE-2016-1000232,12
CVE-2020-7712,12
SUSE-SU-2021:2686-1,12
SUSE-SU-2021:2808-1,12
SUSE-SU-2020:0832-1,12
SUSE-SU-2022:2529-1,12
SUSE-SU-2020:3379-1,12
SUSE-SU-2021:2156-1,12
SUSE-SU-2023:0031-2,12
SUSE-SU-2020:1859-1,12
SUSE-SU-2020:3314-1,12
SUSE-SU-2021:0693-1,12
SUSE-SU-2021:0932-1,12
SUSE-SU-2021:3652-1,12
SUSE-SU-2022:2334-1,12
SUSE-SU-2020:2900-1,12
SUSE-SU-2020:3939-1,12
SUSE-SU-2022:0693-1,12
SUSE-SU-2022:1062-1,12
SUSE-SU-2022:2846-1,12
SUSE-SU-2020:1662-1,12
CVE-2017-18190,12
CVE-2018-12545,12
CVE-2018-0501,12
CVE-2021-20270,12
CVE-2021-27291,12
CVE-2023-33204,12
CVE-2021-23341,12
GHSA-8qv2-5vq6-g2g7,12
CVE-2022-32278,12
CVE-2020-16303,12
CVE-2022-21803,12
CVE-2018-11813,12
CVE-2020-11988,12
CVE-2022-3358,12
CVE-2019-10088,12
CVE-2019-10094,12
CVE-2016-7444,12
CVE-2017-7772,12
CVE-2017-7773,12
CVE-2017-7867,12
CVE-2017-7868,12
CVE-2016-10251,12
CVE-2016-10165,12
CVE-2017-3302,12
CVE-2017-3308,12
CVE-2017-3309,12
CVE-2017-3329,12
CVE-2017-7484,12
CVE-2017-7486,12
CVE-2017-5029,12
CVE-2017-15868,12
CVE-2022-29799,12
CVE-2022-29800,12
CVE-2020-5312,12
CVE-2018-2941,12
CVE-2018-2942,12
CVE-2018-2964,12
CVE-2022-21986,12
CVE-2020-36049,12
CVE-2022-29244,12
CVE-2023-44429,12
CVE-2017-15365,12
CVE-2017-11109,12
CVE-2016-5384,12
SUSE-SU-2023:3825-1,12
CVE-2020-28477,12
CVE-2021-3757,12
CVE-2016-2107,11
CVE-2016-6301,11
CVE-2014-0114,11
CVE-2023-28119,11
CVE-2022-39286,11
CVE-2022-24758,11
CVE-2022-37315,11
CVE-2022-3094,11
CVE-2021-28966,11
CVE-2023-37788,11
CVE-2017-9801,11
CVE-2018-1294,11
CVE-2018-14423,11
CVE-2023-27530,11
CVE-2019-20477,11
CVE-2023-34233,11
CVE-2021-23386,11
CVE-2022-25758,11
CVE-2020-22219,11
CVE-2017-7771,11
CVE-2017-7776,11
CVE-2017-7777,11
CVE-2016-8654,11
CVE-2016-9560,11
CVE-2017-10661,11
CVE-2017-6074,11
CVE-2017-7645,11
CVE-2016-5417,11
CVE-2019-19911,11
CVE-2020-5310,11
CVE-2020-5313,11
CVE-2017-12165,11
CVE-2015-2156,11
CVE-2023-3600,11
CVE-2023-5169,11
CVE-2023-5171,11
CVE-2023-5176,11
CVE-2018-17143,11
CVE-2020-15256,11
CVE-2021-3805,11
CVE-2020-15138,11
CVE-2020-7661,11
CVE-2023-27522,11
CVE-2023-32763,11
CVE-2021-21702,11
CVE-2021-21703,11
CVE-2022-31625,11
CVE-2022-31626,11
CVE-2023-0568,11
CVE-2023-0662,11
GHSA-5v72-xg48-5rpm,11
CVE-2019-20922,10
SUSE-SU-2020:1612-1,10
SUSE-SU-2020:1193-1,10
CVE-2018-2633,10
CVE-2018-2637,10
CVE-2021-32797,10
CVE-2020-15195,10
CVE-2020-15203,10
CVE-2020-15207,10
CVE-2020-15208,10
CVE-2021-29614,10
CVE-2021-37635,10
CVE-2021-37637,10
CVE-2021-37638,10
CVE-2021-37639,10
CVE-2021-37641,10
CVE-2021-37643,10
CVE-2021-37647,10
CVE-2021-37648,10
CVE-2021-37649,10
CVE-2021-37650,10
CVE-2021-37651,10
CVE-2021-37652,10
CVE-2021-37654,10
CVE-2021-37655,10
CVE-2021-37656,10
CVE-2021-37657,10
CVE-2021-37658,10
CVE-2021-37659,10
CVE-2021-37662,10
CVE-2021-37663,10
CVE-2021-37664,10
CVE-2021-37665,10
CVE-2021-37666,10
CVE-2021-37667,10
CVE-2021-37671,10
CVE-2021-37676,10
CVE-2021-37679,10
CVE-2021-41201,10
CVE-2021-41203,10
CVE-2021-41205,10
CVE-2021-41206,10
CVE-2021-41210,10
CVE-2021-41212,10
CVE-2021-41214,10
CVE-2021-41219,10
CVE-2021-41221,10
CVE-2021-41223,10
CVE-2021-41224,10
CVE-2021-41226,10
CVE-2021-41228,10
CVE-2022-21726,10
CVE-2022-21727,10
CVE-2022-21728,10
CVE-2022-21730,10
CVE-2022-21736,10
CVE-2022-21740,10
CVE-2022-23558,10
CVE-2022-23559,10
CVE-2022-23560,10
CVE-2022-23561,10
CVE-2022-23562,10
CVE-2022-23563,10
CVE-2022-23566,10
CVE-2022-23573,10
CVE-2022-23574,10
CVE-2022-23584,10
CVE-2022-23587,10
CVE-2022-23591,10
GHSA-43q8-3fv7-pr5x,10
CVE-2019-5018,10
CVE-2021-41816,10
CVE-2018-14550,10
CVE-2017-15286,10
CVE-2022-25851,10
CVE-2023-32695,10
SUSE-SU-2023:4557-1,10
CVE-2017-17740,10
CVE-2023-46695,10
CVE-2017-3145,10
CVE-2020-8918,10
CVE-2017-12972,10
CVE-2017-12974,10
CVE-2020-25638,10
CVE-2019-6477,10
CVE-2019-16163,10
CVE-2019-19204,10
CVE-2019-19246,10
CVE-2016-8693,10
CVE-2014-9940,10
CVE-2016-8655,10
CVE-2017-1000363,10
CVE-2017-7889,10
CVE-2023-28117,10
CVE-2023-26484,10
SUSE-SU-2023:2313-1,10
CVE-2018-1336,10
CVE-2018-8034,10
CVE-2022-3143,10
CVE-2016-3134,10
CVE-2020-10711,10
CVE-2020-11996,10
CVE-2020-13934,10
CVE-2020-13935,10
CVE-2021-41079,10
CVE-2021-42340,10
CVE-2022-23181,10
CVE-2018-2811,10
CVE-2018-2825,10
CVE-2018-2826,10
CVE-2022-38023,10
CVE-2016-3477,10
CVE-2022-24434,10
CVE-2019-20044,10
CVE-2021-45444,10
SUSE-SU-2021:3447-1,10
CVE-2019-6116,10
CVE-2023-30601,10
CVE-2023-5725,10
CVE-2023-5732,10
CVE-2023-6209,10
CVE-2018-12116,10
CVE-2018-12121,10
CVE-2018-12122,10
CVE-2017-7669,10
CVE-2016-1238,10
CVE-2016-6185,10
CVE-2023-41835,10
CVE-2020-29651,9
CVE-2021-29591,9
CVE-2021-29605,9
CVE-2021-29606,9
CVE-2021-37681,9
CVE-2021-37688,9
CVE-2021-37689,9
CVE-2022-2469,9
CVE-2017-7468,9
CVE-2021-28153,9
CVE-2020-27828,9
CVE-2021-26926,9
CVE-2021-26927,9
CVE-2021-3272,9
CVE-2021-3443,9
CVE-2021-3467,9
CVE-2023-0795,9
CVE-2023-0796,9
CVE-2023-0797,9
CVE-2023-0798,9
CVE-2023-0802,9
CVE-2023-0803,9
CVE-2023-38325,9
CVE-2023-43646,9
CVE-2020-21890,9
CVE-2020-27792,9
CVE-2020-25219,9
CVE-2022-32212,9
CVE-2020-28499,9
CVE-2023-36053,9
CVE-2023-31122,9
CVE-2022-30122,9
CVE-2022-44570,9
CVE-2022-44571,9
CVE-2022-44572,9
CVE-2017-3143,9
CVE-2022-1473,9
SUSE-SU-2020:2699-1,9
SUSE-SU-2021:1621-1,9
SUSE-SU-2022:2166-1,9
SUSE-SU-2022:3511-2,9
SUSE-SU-2022:4251-1,9
SUSE-SU-2023:0663-1,9
CVE-2018-20483,9
CVE-2023-32786,9
CVE-2023-46229,9
CVE-2023-26545,9
CVE-2023-3161,9
CVE-2023-33203,9
CVE-2023-2269,9
CVE-2023-3117,9
CVE-2023-34256,9
CVE-2021-4156,9
CVE-2016-10200,9
CVE-2017-7487,9
CVE-2017-8064,9
CVE-2017-8890,9
CVE-2017-9074,9
CVE-2017-9075,9
CVE-2017-9076,9
CVE-2017-9077,9
CVE-2019-8321,9
CVE-2019-8322,9
CVE-2019-8323,9
CVE-2019-8325,9
GHSA-qv98-3369-g364,9
CVE-2018-16886,9
CVE-2019-18874,9
SUSE-SU-2023:0486-1,9
CVE-2016-8633,9
CVE-2019-17133,9
CVE-2019-5489,9
CVE-2023-43804,9
SUSE-SU-2022:3710-1,9
CVE-2020-36048,9
CVE-2022-40023,9
CVE-2023-30798,9
CVE-2018-1000888,9
CVE-2019-11041,9
CVE-2019-11042,9
CVE-2019-9022,9
CVE-2019-9024,9
CVE-2019-9637,9
CVE-2019-9638,9
CVE-2019-9639,9
CVE-2019-9640,9
CVE-2020-7062,9
CVE-2020-7067,9
CVE-2020-21041,9
CVE-2020-22015,9
CVE-2020-35965,9
CVE-2021-38291,9
SUSE-SU-2022:3682-1,9
SUSE-SU-2023:3934-1,9
SUSE-SU-2022:2351-1,9
SUSE-SU-2022:3593-1,9
SUSE-SU-2022:3924-1,9
SUSE-SU-2023:0736-1,9
SUSE-SU-2023:3804-1,9
NSWG-ECO-428,9
GHSA-hxcm-v35h-mg2x,9
NSWG-ECO-388,9
CVE-2018-10861,9
CVE-2020-27781,9
CVE-2021-20288,9
CVE-2016-3714,9
CVE-2017-12188,8
CVE-2017-18218,8
CVE-2017-18222,8
CVE-2018-7480,8
CVE-2019-15604,8
NSWG-ECO-233,8
SUSE-SU-2023:0209-1,8
SUSE-SU-2023:0760-1,8
CVE-2023-39151,8
CVE-2023-43496,8
CVE-2016-9878,8
CVE-2022-0561,8
CVE-2022-0562,8
CVE-2022-0865,8
CVE-2022-0907,8
CVE-2022-0908,8
CVE-2022-0909,8
CVE-2022-0924,8
CVE-2022-1355,8
CVE-2022-22844,8
CVE-2022-2867,8
CVE-2020-6817,8
CVE-2020-5215,8
CVE-2016-5300,8
CVE-2022-0355,8
CVE-2021-40528,8
SUSE-SU-2023:4158-1,8
CVE-2021-45710,8
CVE-2021-22940,8
CVE-2018-3258,8
CVE-2022-31163,8
CVE-2021-20277,8
CVE-2021-4044,8
CVE-2016-9879,8
CVE-2019-11272,8
CVE-2022-42895,8
CVE-2019-19203,8
CVE-2016-10168,8
CVE-2016-9933,8
CVE-2015-4844,8
CVE-2016-0494,8
CVE-2023-29197,8
CVE-2019-10184,8
CVE-2014-3215,8
openSUSE-SU-2021:4153-1,8
CVE-2019-0210,8
CVE-2018-17142,8
CVE-2017-8361,8
CVE-2018-13139,8
CVE-2018-19788,8
CVE-2022-0407,8
CVE-2023-30630,8
CVE-2018-11205,8
CVE-2022-25942,8
CVE-2022-25972,8
CVE-2022-26061,8
CVE-2021-23406,8
CVE-2020-8252,8
CVE-2023-28756,8
CVE-2023-25690,8
CVE-2014-0487,8
CVE-2014-0488,8
CVE-2021-31618,8
CVE-2017-7184,8
CVE-2021-33813,8
CVE-2020-20891,8
CVE-2020-20892,8
CVE-2020-21688,8
CVE-2020-22016,8
CVE-2020-22022,8
CVE-2020-22023,8
CVE-2020-22025,8
CVE-2020-22031,8
CVE-2020-22032,8
CVE-2020-22036,8
GHSA-8w57-jfpm-945m,8
NSWG-ECO-402,8
CVE-2018-16860,8
CVE-2020-10704,8
CVE-2020-10745,8
CVE-2020-14303,8
CVE-2023-46751,8
CVE-2017-17863,7
CVE-2017-18075,7
CVE-2017-18202,7
CVE-2018-25015,7
CVE-2018-5344,7
CVE-2018-5873,7
CVE-2019-10742,7
CVE-2018-14732,7
CVE-2021-21671,7
CVE-2021-21696,7
CVE-2022-34171,7
CVE-2023-27898,7
CVE-2023-27899,7
CVE-2023-27901,7
CVE-2023-35141,7
CVE-2023-43495,7
CVE-2023-5954,7
SUSE-SU-2023:4869-1,7
SUSE-SU-2023:3634-1,7
SUSE-SU-2023:0680-1,7
CVE-2017-9226,7
CVE-2017-9227,7
CVE-2017-9228,7
CVE-2017-9229,7
CVE-2022-24839,7
CVE-2019-15918,7
CVE-2023-26145,7
CVE-2021-44420,7
CVE-2021-32740,7
CVE-2022-0759,7
CVE-2021-43803,7
CVE-2023-1194,7
CVE-2023-32247,7
CVE-2023-32248,7
CVE-2023-32250,7
CVE-2023-32252,7
CVE-2023-32254,7
CVE-2023-32257,7
CVE-2023-32258,7
CVE-2023-3269,7
GHSA-6hcf-g6gr-hhcr,7
GHSA-9qwg-crg9-m2vc,7
CVE-2023-22796,7
CVE-2017-3137,7
CVE-2016-1834,7
CVE-2016-1840,7
CVE-2022-28131,7
CVE-2022-2879,7
CVE-2022-2880,7
CVE-2022-30630,7
CVE-2022-30631,7
CVE-2022-30632,7
CVE-2022-30633,7
CVE-2022-30635,7
CVE-2022-32189,7
CVE-2022-41715,7
CVE-2023-40590,7
CVE-2022-3594,7
CVE-2023-0458,7
CVE-2023-1998,7
CVE-2023-2002,7
CVE-2017-11770,7
CVE-2018-8269,7
CVE-2023-46849,7
CVE-2022-33064,7
CVE-2022-33065,7
CVE-2016-4738,7
CVE-2016-10044,7
CVE-2017-5669,7
CVE-2017-6214,7
CVE-2017-6345,7
CVE-2017-6346,7
CVE-2017-7294,7
CVE-2017-7618,7
CVE-2020-27813,7
CVE-2019-12274,7
CVE-2020-8277,7
CVE-2021-23727,7
SUSE-SU-2022:1275-1,7
SUSE-SU-2022:1673-1,7
CVE-2019-16865,7
CVE-2011-4127,7
CVE-2013-1943,7
CVE-2014-0205,7
CVE-2014-1737,7
CVE-2014-1738,7
CVE-2019-9270,7
CVE-2017-9800,7
CVE-2018-1000805,7
CVE-2020-25717,7
CVE-2020-15862,7
SUSE-SU-2022:2649-1,7
CVE-2021-42248,7
CVE-2021-42836,7
CVE-2014-3499,7
CVE-2014-6407,7
CVE-2014-9357,7
CVE-2022-22720,7
CVE-2016-3697,7
CVE-2023-47090,7
CVE-2021-29063,7
CVE-2020-23804,7
CVE-2019-10216,7
CVE-2019-14811,7
CVE-2019-14812,7
CVE-2019-14817,7
CVE-2019-14869,7
CVE-2019-3839,7
CVE-2019-13132,7
SUSE-SU-2022:2248-1,7
SUSE-SU-2022:3553-1,7
SUSE-SU-2023:2639-1,7
CVE-2021-3560,7
CVE-2020-28366,7
CVE-2020-28367,7
CVE-2021-27918,7
CVE-2021-29923,7
CVE-2021-33195,7
CVE-2021-33196,7
CVE-2021-33198,7
CVE-2021-41771,7
CVE-2021-41772,7
CVE-2021-44716,7
CVE-2022-23772,7
CVE-2022-23773,7
CVE-2022-24921,7
CVE-2018-7161,7
CVE-2018-7167,7
CVE-2019-5737,7
CVE-2006-20001,7
CVE-2021-33193,7
CVE-2021-34798,7
CVE-2021-36160,7
CVE-2021-44224,7
CVE-2022-22719,7
CVE-2022-26377,7
CVE-2022-29404,7
CVE-2022-30522,7
CVE-2022-30556,7
CVE-2018-1000210,7
CVE-2015-8853,7
CVE-2022-25255,7
CVE-2023-24607,7
CVE-2022-32743,7
CVE-2017-15951,6
CVE-2017-0379,6
CVE-2018-12538,6
CVE-2020-2160,6
CVE-2020-2220,6
CVE-2020-2221,6
CVE-2020-2222,6
CVE-2020-2223,6
CVE-2020-2229,6
CVE-2020-2230,6
CVE-2021-21604,6
CVE-2021-21605,6
CVE-2020-16250,6
CVE-2021-32923,6
CVE-2023-24999,6
CVE-2023-5077,6
CVE-2021-29428,6
CVE-2021-32751,6
CVE-2023-35947,6
CVE-2019-15099,6
CVE-2019-16714,6
CVE-2019-19048,6
CVE-2019-19071,6
CVE-2019-19078,6
CVE-2019-19079,6
CVE-2019-19252,6
CVE-2020-7053,6
CVE-2023-28617,6
CVE-2020-28483,6
CVE-2022-21676,6
GHSA-f67m-9j94-qv9j,6
CVE-2019-20839,6
CVE-2020-14397,6
CVE-2020-14398,6
CVE-2020-14399,6
CVE-2020-14400,6
CVE-2020-25708,6
CVE-2020-29260,6
CVE-2020-29074,6
CVE-2023-23969,6
CVE-2023-24580,6
CVE-2023-43622,6
CVE-2021-3583,6
CVE-2018-11761,6
CVE-2018-11796,6
CVE-2023-32006,6
CVE-2023-32559,6
CVE-2022-38457,6
CVE-2022-40133,6
CVE-2023-0597,6
CVE-2023-1073,6
CVE-2023-1074,6
CVE-2023-1075,6
CVE-2023-1079,6
CVE-2023-1192,6
CVE-2023-1855,6
CVE-2023-23455,6
CVE-2023-33951,6
CVE-2023-33952,6
CVE-2023-4155,6
CVE-2015-8865,6
CVE-2016-6663,6
CVE-2016-6664,6
CVE-2014-9922,6
CVE-2015-8955,6
CVE-2015-8962,6
CVE-2015-8963,6
CVE-2016-10088,6
CVE-2016-5195,6
CVE-2016-6786,6
CVE-2016-6787,6
CVE-2016-7910,6
CVE-2016-7911,6
CVE-2016-7912,6
CVE-2016-8399,6
CVE-2016-9083,6
CVE-2016-9084,6
CVE-2016-9576,6
CVE-2016-9754,6
CVE-2016-9793,6
CVE-2016-9794,6
CVE-2016-9806,6
CVE-2017-2583,6
CVE-2017-2584,6
CVE-2017-5970,6
CVE-2017-6001,6
CVE-2018-1000073,6
CVE-2018-1000074,6
CVE-2018-1000075,6
CVE-2020-11002,6
CVE-2020-5245,6
CVE-2020-14352,6
CVE-2021-46174,6
CVE-2022-44840,6
CVE-2022-47673,6
CVE-2022-47695,6
CVE-2022-47696,6
CVE-2023-25584,6
CVE-2023-32636,6
CVE-2023-32643,6
CVE-2022-29248,6
CVE-2022-31042,6
CVE-2022-31043,6
CVE-2022-31090,6
CVE-2022-31091,6
CVE-2022-24775,6
CVE-2023-33733,6
CVE-2017-10388,6
CVE-2021-23017,6
CVE-2023-38647,6
SUSE-SU-2022:2064-1,6
openSUSE-SU-2021:4154-1,6
SUSE-SU-2022:1512-1,6
openSUSE-SU-2021:3838-1,6
CVE-2020-13529,6
CVE-2020-13776,6
CVE-2023-37450,6
CVE-2019-19807,6
CVE-2018-1000807,6
CVE-2019-14494,6
CVE-2020-27778,6
CVE-2022-0128,6
CVE-2021-32677,6
CVE-2020-17516,6
CVE-2023-49316,6
CVE-2022-24894,6
CVE-2019-16276,6
CVE-2019-17596,6
CVE-2022-24675,6
CVE-2022-28327,6
CVE-2022-30580,6
CVE-2022-41716,6
CVE-2018-2627,6
CVE-2018-2638,6
CVE-2018-2639,6
CVE-2017-3164,6
CVE-2019-0193,6
CVE-2021-29262,6
SUSE-SU-2023:3887-1,6
CVE-2023-43615,6
CVE-2014-5119,6
CVE-2023-36792,6
CVE-2023-36793,6
CVE-2023-36794,6
CVE-2023-36796,6
CVE-2021-33036,6
CVE-2019-10210,6
CVE-2023-44441,6
CVE-2023-44442,6
CVE-2023-44443,6
CVE-2023-44444,6
CVE-2016-10750,6
CVE-2017-16116,6
CVE-2016-10542,6
NSWG-ECO-120,6
CVE-2022-2097,6
openSUSE-SU-2023:0366-1,6
SUSE-SU-2023:4059-1,6
CVE-2023-43655,6
CVE-2017-15400,5
CVE-2018-5764,5
CVE-2018-1000410,5
CVE-2018-1000863,5
CVE-2019-1003003,5
CVE-2019-1003004,5
CVE-2019-1003049,5
CVE-2019-10353,5
CVE-2019-10384,5
CVE-2020-2099,5
CVE-2020-11013,5
CVE-2021-3842,5
CVE-2021-43854,5
CVE-2022-31116,5
CVE-2023-2491,5
CVE-2023-4853,5
CVE-2022-24836,5
CVE-2022-29181,5
GHSA-cgx6-hpwq-fhv5,5
GHSA-fq42-c5rg-92c2,5
GHSA-gx8x-g87m-h5q6,5
GHSA-v6gp-9mmm-c6p5,5
GHSA-wgrg-5h56-jg27,5
CVE-2022-24834,5
CVE-2022-48285,5
CVE-2022-36359,5
CVE-2022-41323,5
CVE-2016-5397,5
CVE-2018-5709,5
CVE-2020-8161,5
CVE-2020-8184,5
CVE-2023-4128,5
CVE-2017-7957,5
CVE-2018-17201,5
CVE-2018-17202,5
CVE-2022-24439,5
CVE-2023-28772,5
CVE-2012-6153,5
CVE-2015-8948,5
CVE-2016-6261,5
CVE-2016-6263,5
CVE-2016-4971,5
CVE-2021-38185,5
CVE-2020-9402,5
CVE-2019-9928,5
CVE-2023-4156,5
CVE-2023-4807,5
CVE-2016-8739,5
CVE-2017-5656,5
CVE-2018-1335,5
CVE-2016-1000342,5
CVE-2016-1000343,5
CVE-2016-1000344,5
CVE-2016-1000352,5
CVE-2018-1000180,5
CVE-2014-0107,5
CVE-2019-0232,5
CVE-2019-14993,5
CVE-2021-39155,5
CVE-2021-39156,5
CVE-2022-23635,5
CVE-2020-10714,5
CVE-2020-1748,5
CVE-2013-0292,5
SUSE-SU-2022:1617-1,5
SUSE-SU-2022:3327-1,5
SUSE-SU-2022:1883-1,5
CVE-2019-10126,5
CVE-2019-14895,5
CVE-2019-14901,5
CVE-2020-12888,5
CVE-2023-22467,5
SUSE-SU-2022:0184-1,5
SUSE-SU-2022:0184-2,5
CVE-2021-39134,5
CVE-2021-39135,5
CVE-2019-0217,5
CVE-2018-10546,5
CVE-2018-10548,5
CVE-2018-10549,5
CVE-2018-14883,5
CVE-2018-19518,5
CVE-2018-19935,5
CVE-2018-20783,5
CVE-2019-5953,5
CVE-2019-0211,5
CVE-2015-8239,5
CVE-2016-7032,5
CVE-2016-7076,5
CVE-2023-26132,5
CVE-2017-16119,5
CVE-2022-3965,5
CVE-2019-5427,5
CVE-2019-6470,5
CVE-2020-28362,5
CVE-2022-29804,5
CVE-2023-4736,5
CVE-2023-5535,5
CVE-2019-0215,5
CVE-2019-10081,5
CVE-2019-10097,5
CVE-2019-9517,5
CVE-2015-7552,5
CVE-2015-8875,5
CVE-2017-12447,5
GHSA-2m96-9w4j-wgv7,5
GHSA-h726-x36v-rx45,5
CVE-2015-8035,5
CVE-2017-18258,5
CVE-2018-14567,5
CVE-2020-15861,5
CVE-2018-1330,5
CVE-2023-38180,5
CVE-2019-11085,5
CVE-2021-3246,5
CVE-2019-8320,5
CVE-2017-10810,4
CVE-2017-12146,4
CVE-2017-14497,4
CVE-2017-17052,4
CVE-2017-17053,4
CVE-2017-7558,4
CVE-2018-1000194,4
CVE-2018-1999001,4
CVE-2018-1999002,4
CVE-2018-1999043,4
SUSE-SU-2023:2614-1,4
CVE-2021-3828,4
CVE-2023-2911,4
CVE-2021-31542,4
CVE-2021-33571,4
CVE-2016-4074,4
CVE-2021-32819,4
CVE-2020-7105,4
CVE-2022-24735,4
CVE-2022-25898,4
CVE-2020-27840,4
CVE-2015-5277,4
CVE-2020-14365,4
CVE-2020-1734,4
CVE-2021-20228,4
CVE-2022-3697,4
CVE-2021-41131,4
SUSE-SU-2020:2475-2,4
SUSE-SU-2021:1892-1,4
SUSE-SU-2023:2531-1,4
CVE-2022-37734,4
CVE-2023-28867,4
CVE-2016-3674,4
CVE-2022-45442,4
CVE-2023-30581,4
CVE-2023-30589,4
CVE-2021-43975,4
CVE-2022-28388,4
CVE-2022-45869,4
CVE-2022-45884,4
CVE-2022-45886,4
CVE-2022-45887,4
CVE-2022-45919,4
CVE-2023-0590,4
CVE-2023-1382,4
CVE-2023-2513,4
CVE-2023-28328,4
CVE-2023-31084,4
CVE-2023-4132,4
CVE-2023-4732,4
CVE-2022-1882,4
CVE-2017-0247,4
CVE-2017-0249,4
CVE-2016-0758,4
CVE-2023-46215,4
CVE-2020-12662,4
CVE-2020-12663,4
CVE-2023-49083,4
CVE-2019-11253,4
SUSE-SU-2023:4272-1,4
SUSE-SU-2023:4787-1,4
CVE-2019-3813,4
CVE-2016-0755,4
CVE-2023-37260,4
CVE-2017-1000207,4
CVE-2017-1000208,4
CVE-2018-1258,4
CVE-2020-35510,4
CVE-2017-3139,4
CVE-2018-10901,4
CVE-2019-3896,4
CVE-2017-10309,4
CVE-2018-2783,4
CVE-2022-41741,4
CVE-2021-23463,4
SUSE-SU-2022:2936-1,4
openSUSE-SU-2022:0736-1,4
CVE-2022-24778,4
CVE-2021-3762,4
SUSE-SU-2022:4597-1,4
CVE-2012-0882,4
CVE-2014-6507,4
CVE-2014-6530,4
CVE-2014-6555,4
CVE-2022-48503,4
CVE-2023-32435,4
CVE-2023-32439,4
CVE-2023-4584,4
CVE-2020-7751,4
CVE-2021-3697,4
GHSA-94vc-p8w7-5p49,4
CVE-2022-38784,4
CVE-2023-43472,4
CVE-2023-6709,4
CVE-2023-6753,4
CVE-2022-4904,4
CVE-2023-32067,4
CVE-2016-10745,4
SUSE-SU-2023:0556-1,4
CVE-2018-17199,4
SUSE-SU-2023:3737-1,4
CVE-2019-20006,4
CVE-2021-26220,4
CVE-2021-26221,4
CVE-2021-26222,4
CVE-2021-31598,4
CVE-2023-5557,4
CVE-2017-16944,4
CVE-2018-16873,4
CVE-2018-16874,4
CVE-2018-6574,4
CVE-2018-7187,4
CVE-2019-6486,4
SUSE-SU-2022:3783-1,4
CVE-2017-9217,4
CVE-2013-2186,4
CVE-2014-0050,4
CVE-2021-23518,4
CVE-2023-38497,4
CVE-2020-13250,4
CVE-2021-3820,4
CVE-2018-15908,4
CVE-2018-15909,4
CVE-2018-15910,4
CVE-2018-16509,4
CVE-2018-16511,4
CVE-2018-16540,4
CVE-2018-16802,4
CVE-2018-17183,4
CVE-2018-17961,4
CVE-2018-18284,4
CVE-2018-19134,4
CVE-2018-19475,4
CVE-2018-19476,4
CVE-2018-19477,4
GHSA-j4mr-9xw3-c9jx,4
NSWG-ECO-434,4
CVE-2023-5482,4
CVE-2023-5849,4
CVE-2023-5852,4
CVE-2023-5854,4
CVE-2023-5855,4
CVE-2023-5856,4
CVE-2023-5857,4
CVE-2023-5996,4
CVE-2023-5997,4
CVE-2023-6112,4
CVE-2023-6346,4
CVE-2023-6347,4
CVE-2023-6348,4
CVE-2023-6350,4
CVE-2023-6351,4
CVE-2023-6508,4
CVE-2023-6509,4
CVE-2023-6510,4
CVE-2023-6702,4
CVE-2023-6703,4
CVE-2023-6704,4
CVE-2023-6705,4
CVE-2023-6706,4
CVE-2023-6707,4
CVE-2023-36435,4
CVE-2023-38171,4
CVE-2020-11993,4
CVE-2020-35452,4
CVE-2020-9490,4
CVE-2021-26690,4
CVE-2015-8630,4
CVE-2016-10109,4
CVE-2016-6811,4
CVE-2022-21222,4
CVE-2017-16118,4
SUSE-SU-2023:4514-1,4
CVE-2020-20896,4
CVE-2020-22017,4
CVE-2020-22027,4
CVE-2020-22029,4
CVE-2020-22030,4
CVE-2020-22034,4
CVE-2020-22035,4
CVE-2022-3109,4
CVE-2023-39810,4
CVE-2022-1215,4
CVE-2020-12695,4
CVE-2020-13848,4
CVE-2021-28302,4
CVE-2023-32359,4
CVE-2023-39928,4
CVE-2023-41074,4
CVE-2023-42852,4
CVE-2023-42890,4
CVE-2022-26981,4
CVE-2023-46852,4
CVE-2023-35391,4
CVE-2017-13723,4
CVE-2020-35342,4
SUSE-SU-2022:1462-1,4
SUSE-SU-2022:2425-1,4
SUSE-SU-2022:4255-1,4
SUSE-SU-2023:0674-1,4
SUSE-SU-2023:1875-1,4
SUSE-SU-2023:3408-1,4
SUSE-SU-2023:4373-1,4
CVE-2021-30130,4
CVE-2019-16201,4
CVE-2019-16255,4
CVE-2019-17543,4
SUSE-SU-2023:4692-1,4
CVE-2018-3831,4
CVE-2022-4065,4
CVE-2023-22490,4
CVE-2023-25815,4
CVE-2019-1348,4
CVE-2019-1353,4
CVE-2022-39253,4
CVE-2021-33587,4
SUSE-SU-2023:3529-1,4
CVE-2017-8291,4
CVE-2017-13215,4
CVE-2021-2144,4
CVE-2018-11206,4
CVE-2018-15822,4
CVE-2018-1999011,4
CVE-2019-11338,4
CVE-2020-20451,4
CVE-2017-18266,3
CVE-2023-2976,3
CVE-2021-23409,3
CVE-2022-30595,3
CVE-2018-10055,3
CVE-2018-7577,3
GHSA-2mvq-xp48-4c77,3
GHSA-5854-jvxx-2cg9,3
GHSA-g64q-3vg8-8f93,3
CVE-2022-21668,3
CVE-2021-41098,3
GHSA-7rrm-v45f-jp64,3
CVE-2023-44400,3
CVE-2021-29929,3
CVE-2023-49735,3
CVE-2021-28490,3
CVE-2023-24805,3
CVE-2018-11490,3
CVE-2021-21309,3
CVE-2021-32626,3
CVE-2021-32627,3
CVE-2021-32628,3
CVE-2021-32675,3
CVE-2021-32687,3
CVE-2021-32761,3
CVE-2021-32762,3
CVE-2021-41099,3
CVE-2021-32820,3
CVE-2017-3523,3
CVE-2022-44566,3
CVE-2016-2776,3
CVE-2016-8864,3
CVE-2016-9131,3
CVE-2016-9147,3
CVE-2016-9444,3
SUSE-SU-2021:3215-1,3
SUSE-SU-2023:2668-1,3
CVE-2022-29970,3
CVE-2022-48337,3
CVE-2022-48339,3
CVE-2021-32840,3
CVE-2019-14855,3
CVE-2021-30498,3
CVE-2021-30499,3
CVE-2022-4743,3
CVE-2016-7425,3
CVE-2016-7913,3
CVE-2022-45199,3
CVE-2020-26301,3
CVE-2023-29005,3
CVE-2022-41974,3
CVE-2022-38495,3
CVE-2021-45985,3
CVE-2023-34053,3
CVE-2018-10903,3
CVE-2011-2895,3
CVE-2017-16844,3
CVE-2022-24903,3
SUSE-SU-2022:2550-1,3
SUSE-SU-2023:0110-1,3
CVE-2021-29991,3
CVE-2022-3266,3
CVE-2023-4573,3
CVE-2023-4574,3
CVE-2023-4575,3
CVE-2023-4577,3
CVE-2023-4585,3
CVE-2016-20018,3
CVE-2017-1000061,3
CVE-2021-29469,3
CVE-2019-25059,3
CVE-2023-30551,3
CVE-2021-20218,3
CVE-2021-22119,3
CVE-2021-22118,3
CVE-2023-1637,3
CVE-2021-33657,3
GHSA-mm44-wc5p-wqhq,3
CVE-2018-16875,3
CVE-2021-39226,3
CVE-2023-2801,3
CVE-2023-2162,3
CVE-2023-23454,3
CVE-2023-2985,3
CVE-2021-3489,3
CVE-2021-3490,3
CVE-2021-3491,3
CVE-2020-11100,3
CVE-2018-1274,3
CVE-2022-24065,3
SUSE-SU-2021:2760-1,3
SUSE-SU-2023:2946-1,3
SUSE-SU-2021:0492-1,3
SUSE-SU-2021:1275-1,3
SUSE-SU-2022:3938-1,3
SUSE-SU-2023:0116-1,3
CVE-2020-7226,3
CVE-2021-43809,3
CVE-2016-10317,3
CVE-2018-10194,3
CVE-2018-15911,3
CVE-2018-16513,3
CVE-2018-16543,3
CVE-2018-16585,3
CVE-2014-7169,3
CVE-2021-39275,3
CVE-2021-40438,3
CVE-2021-41524,3
CVE-2021-41773,3
CVE-2021-42013,3
CVE-2021-44790,3
CVE-2022-22721,3
CVE-2022-23943,3
CVE-2022-28330,3
CVE-2022-28614,3
CVE-2022-28615,3
CVE-2022-31813,3
CVE-2022-36760,3
CVE-2022-37436,3
CVE-2023-45802,3
CVE-2018-14632,3
CVE-2017-14491,3
CVE-2017-14492,3
CVE-2017-14493,3
CVE-2016-3841,3
CVE-2016-4997,3
CVE-2018-17075,3
CVE-2016-4472,3
CVE-2016-1951,3
CVE-2015-7181,3
CVE-2016-1950,3
CVE-2016-1978,3
CVE-2016-1979,3
CVE-2016-2834,3
CVE-2016-2105,3
CVE-2016-2106,3
CVE-2016-2109,3
CVE-2015-8806,3
CVE-2016-1762,3
CVE-2016-1835,3
CVE-2016-3627,3
CVE-2016-3705,3
CVE-2016-4447,3
CVE-2016-4449,3
CVE-2016-4483,3
CVE-2016-2381,3
CVE-2021-40145,3
CVE-2022-34037,3
CVE-2020-25681,3
CVE-2020-25682,3
CVE-2019-14889,3
CVE-2019-6706,3
CVE-2017-1000391,3
CVE-2017-1000393,3
CVE-2017-1000394,3
CVE-2021-41159,3
CVE-2021-41160,3
CVE-2022-24882,3
CVE-2022-39282,3
CVE-2022-39283,3
CVE-2023-39350,3
CVE-2023-39351,3
CVE-2023-39354,3
CVE-2023-40589,3
CVE-2021-43666,3
CVE-2022-37966,3
CVE-2022-37967,3
CVE-2023-34966,3
CVE-2022-31690,3
CVE-2022-2191,3
CVE-2023-24895,3
CVE-2023-24897,3
CVE-2023-24936,3
CVE-2023-28260,3
CVE-2023-33126,3
CVE-2023-33127,3
CVE-2023-33128,3
CVE-2023-33135,3
CVE-2023-35390,3
CVE-2017-7374,3
SUSE-SU-2023:0840-1,3
SUSE-SU-2023:3444-1,3
CVE-2019-9755,3
CVE-2018-20993,3
CVE-2019-12761,3
CVE-2015-7558,3
CVE-2016-4348,3
CVE-2016-1248,3
CVE-2017-1000253,3
CVE-2019-9740,3
CVE-2019-9947,3
CVE-2023-34230,3
CVE-2017-7536,3
SUSE-SU-2023:3234-1,3
SUSE-SU-2023:4056-1,3
SUSE-SU-2023:4135-1,3
CVE-2021-29472,3
CVE-2022-24828,3
CVE-2017-14177,3
CVE-2017-14180,3
CVE-2018-6552,3
CVE-2019-3466,3
CVE-2020-1045,3
CVE-2016-6662,3
CVE-2020-12062,3
CVE-2021-44142,3
CVE-2020-12861,3
CVE-2020-12865,3
CVE-2021-3492,3
CVE-2021-25217,3
CVE-2019-15599,2
CVE-2023-38552,2
CVE-2021-21343,2
CVE-2021-21348,2
CVE-2021-21349,2
CVE-2020-11868,2
CVE-2020-7729,2
CVE-2022-1537,2
GHSA-mh5c-679w-hh4r,2
CVE-2020-8570,2
CVE-2019-14751,2
CVE-2018-8825,2
CVE-2023-49797,2
GHSA-mg85-8mv5-ffjr,2
GHSA-7hx8-2rxv-66xv,2
CVE-2023-25653,2
CVE-2022-3736,2
CVE-2022-3924,2
CVE-2022-26485,2
CVE-2022-26486,2
CVE-2023-2251,2
CVE-2020-21514,2
CVE-2023-4012,2
CVE-2022-1243,2
CVE-2022-0624,2
CVE-2022-0722,2
CVE-2022-40433,2
CVE-2020-8164,2
CVE-2021-22885,2
CVE-2021-22904,2
CVE-2023-22792,2
CVE-2023-22795,2
CVE-2019-5418,2
CVE-2019-5419,2
CVE-2022-23634,2
CVE-2015-8000,2
CVE-2016-1285,2
CVE-2016-1286,2
CVE-2016-0800,2
CVE-2015-8385,2
CVE-2016-3191,2
CVE-2022-41724,2
CVE-2022-41725,2
CVE-2023-24539,2
CVE-2023-29400,2
CVE-2023-29403,2
CVE-2022-39224,2
CVE-2022-47318,2
CVE-2015-0899,2
CVE-2016-1181,2
CVE-2016-1182,2
CVE-2019-11707,2
CVE-2017-5992,2
CVE-2016-9594,2
CVE-2016-9952,2
CVE-2023-37379,2
CVE-2023-39508,2
CVE-2023-40273,2
CVE-2019-11284,2
CVE-2023-24807,2
SUSE-SU-2023:3325-1,2
SUSE-SU-2023:4330-1,2
GHSA-54xq-cgqr-rpm3,2
CVE-2007-4559,2
CVE-2023-36824,2
SUSE-SU-2022:2331-1,2
CVE-2017-17969,2
CVE-2018-10115,2
CVE-2018-5996,2
CVE-2016-7401,2
CVE-2016-9014,2
CVE-2019-6975,2
CVE-2017-12617,2
CVE-2022-41828,2
GHSA-5c6q-f783-h888,2
openSUSE-SU-2022:0330-1,2
SUSE-SU-2022:1183-1,2
SUSE-SU-2022:1687-1,2
SUSE-SU-2022:2078-1,2
SUSE-SU-2022:2173-1,2
SUSE-SU-2022:2422-1,2
SUSE-SU-2022:2549-1,2
SUSE-SU-2022:2875-1,2
SUSE-SU-2022:3264-1,2
SUSE-SU-2022:3775-1,2
SUSE-SU-2022:4053-1,2
SUSE-SU-2022:4616-1,2
openSUSE-SU-2021:3655-1,2
openSUSE-SU-2021:3675-1,2
openSUSE-SU-2021:3941-1,2
openSUSE-SU-2022:0131-1,2
openSUSE-SU-2022:0198-1,2
openSUSE-SU-2022:0370-1,2
openSUSE-SU-2022:0760-1,2
openSUSE-SU-2022:1039-1,2
openSUSE-SU-2022:0178-1,2
openSUSE-SU-2022:0498-1,2
openSUSE-SU-2022:0713-1,2
openSUSE-SU-2022:0844-1,2
openSUSE-SU-2022:0184-1,2
openSUSE-SU-2021:3529-1,2
openSUSE-SU-2022:0743-1,2
openSUSE-SU-2022:1061-1,2
SUSE-SU-2022:2254-1,2
openSUSE-SU-2021:3605-1,2
SUSE-SU-2022:2959-1,2
SUSE-SU-2022:4077-1,2
openSUSE-SU-2022:0774-1,2
SUSE-SU-2022:3785-1,2
CVE-2020-12100,2
CVE-2014-2525,2
CVE-2021-30547,2
CVE-2023-4047,2
CVE-2023-4048,2
CVE-2023-4050,2
CVE-2019-18397,2
CVE-2019-1010238,2
CVE-2018-16843,2
CVE-2018-16844,2
CVE-2022-23852,2
CVE-2022-24757,2
CVE-2022-29241,2
CVE-2020-15163,2
CVE-2023-38493,2
CVE-2022-25867,2
CVE-2017-14617,2
CVE-2018-21009,2
CVE-2019-10872,2
CVE-2019-12293,2
CVE-2019-7310,2
CVE-2019-9200,2
CVE-2017-12852,2
CVE-2020-7768,2
CVE-2017-1000381,2
CVE-2016-9243,2
CVE-2019-13139,2
SUSE-SU-2021:3602-1,2
CVE-2023-6337,2
SUSE-SU-2023:2667-1,2
SUSE-SU-2023:2628-1,2
CVE-2016-1568,2
CVE-2022-24895,2
CVE-2022-3523,2
CVE-2023-1076,2
CVE-2023-1249,2
CVE-2023-1652,2
CVE-2023-3358,2
CVE-2023-3773,2
CVE-2023-39191,2
CVE-2023-4194,2
CVE-2023-4273,2
CVE-2023-46228,2
CVE-2019-15890,2
CVE-2016-10539,2
NSWG-ECO-106,2
CVE-2020-6507,2
CVE-2021-21169,2
CVE-2021-21220,2
CVE-2021-30541,2
CVE-2021-30551,2
CVE-2021-30598,2
CVE-2021-30599,2
CVE-2018-16301,2
CVE-2018-14461,2
CVE-2018-14462,2
CVE-2018-14463,2
CVE-2018-14464,2
CVE-2018-14465,2
CVE-2018-14466,2
CVE-2018-14467,2
CVE-2018-14468,2
CVE-2018-14469,2
CVE-2018-14470,2
CVE-2018-14879,2
CVE-2018-14880,2
CVE-2018-14881,2
CVE-2018-14882,2
CVE-2018-16227,2
CVE-2018-16228,2
CVE-2018-16229,2
CVE-2018-16230,2
CVE-2018-16300,2
CVE-2018-16451,2
CVE-2018-16452,2
CVE-2019-15166,2
CVE-2020-8037,2
CVE-2018-16881,2
CVE-2011-2730,2
CVE-2014-0225,2
CVE-2020-8172,2
CVE-2022-0315,2
SUSE-SU-2019:2820-1,2
SUSE-SU-2019:1830-1,2
SUSE-SU-2020:1180-1,2
SUSE-SU-2022:0030-1,2
CVE-2022-45142,2
CVE-2014-6271,2
GHSA-7543-mr7h-6v86,2
CVE-2018-25079,2
GHSA-wm77-q74p-5763,2
NSWG-ECO-419,2
CVE-2023-5186,2
CVE-2023-5187,2
CVE-2023-5218,2
CVE-2023-5346,2
CVE-2023-5472,2
CVE-2023-5474,2
CVE-2023-5476,2
CVE-2022-2564,2
CVE-2019-15925,2
CVE-2019-19543,2
CVE-2015-2059,2
CVE-2014-9769,2
CVE-2016-0797,2
CVE-2016-0798,2
CVE-2016-3068,2
CVE-2016-3069,2
CVE-2016-3105,2
CVE-2016-3630,2
CVE-2017-3162,2
CVE-2018-11793,2
CVE-2019-0204,2
CVE-2017-12612,2
CVE-2020-36567,2
CVE-2023-34396,2
CVE-2021-23358,2
CVE-2017-15107,2
CVE-2019-14513,2
CVE-2022-0934,2
CVE-2018-14622,2
CVE-2023-34035,2
CVE-2020-1695,2
CVE-2023-4237,2
CVE-2021-45463,2
CVE-2023-1127,2
GHSA-779f-wgxg-qr8f,2
GHSA-48gc-5j93-5cfq,2
CVE-2017-13720,2
CVE-2017-13722,2
CVE-2017-1000368,2
CVE-2018-1002204,2
CVE-2023-23918,2
CVE-2023-23919,2
SUSE-SU-2022:0743-1,2
SUSE-SU-2022:0715-1,2
CVE-2022-0654,2
CVE-2018-10841,2
CVE-2018-1088,2
CVE-2018-10904,2
CVE-2018-10907,2
CVE-2018-10911,2
CVE-2018-10923,2
CVE-2018-10926,2
CVE-2018-10927,2
CVE-2018-10928,2
CVE-2018-10929,2
CVE-2018-14653,2
CVE-2019-25008,2
CVE-2020-25574,2
CVE-2018-25023,2
CVE-2023-22895,2
CVE-2021-38511,2
CVE-2020-28472,2
CVE-2018-16396,2
CVE-2018-6914,2
CVE-2018-8777,2
CVE-2018-8778,2
CVE-2018-8779,2
CVE-2022-0319,2
CVE-2022-2598,2
CVE-2022-23913,2
CVE-2020-1714,2
CVE-2019-14832,2
CVE-2020-24583,2
CVE-2020-24584,2
CVE-2021-45115,2
CVE-2021-45116,2
CVE-2022-23833,2
CVE-2020-15225,2
CVE-2016-5423,2
CVE-2016-5424,2
CVE-2016-1683,2
CVE-2016-1684,2
CVE-2016-1841,2
CVE-2016-1583,2
CVE-2016-2117,2
CVE-2018-10874,2
CVE-2019-14904,2
CVE-2021-32783,2
CVE-2023-36038,2
CVE-2016-2315,2
CVE-2022-20369,2
CVE-2022-26373,2
CVE-2022-3524,2
CVE-2022-3643,2
CVE-2022-42328,2
CVE-2022-42329,2
CVE-2022-47929,2
CVE-2023-0394,2
CVE-2023-0459,2
CVE-2017-10067,2
CVE-2017-10074,2
CVE-2017-10115,2
CVE-2017-10116,2
CVE-2017-10118,2
CVE-2017-10176,2
CVE-2017-10685,2
CVE-2017-10989,2
CVE-2018-1000600,2
CVE-2023-46650,2
CVE-2022-43408,2
CVE-2020-2109,2
CVE-2022-25173,2
CVE-2022-30945,2
CVE-2022-25174,2
CVE-2022-29047,2
CVE-2023-32977,2
CVE-2022-43409,2
CVE-2023-40336,2
CVE-2022-20617,2
CVE-2022-30947,2
CVE-2019-10392,2
CVE-2018-1000056,2
CVE-2022-34176,2
CVE-2018-8718,2
CVE-2020-2226,2
CVE-2020-2224,2
CVE-2020-2225,2
CVE-2022-34177,2
CVE-2018-1000865,2
CVE-2019-1003000,2
CVE-2019-1003001,2
CVE-2019-1003005,2
CVE-2019-1003024,2
CVE-2019-10355,2
CVE-2019-10356,2
CVE-2019-16538,2
CVE-2020-2110,2
CVE-2020-2135,2
CVE-2023-24422,2
CVE-2019-1003002,2
CVE-2023-35790,2
CVE-2023-29530,2
CVE-2019-7846,2
CVE-2019-7849,2
CVE-2019-7854,2
CVE-2019-7858,2
CVE-2019-7859,2
CVE-2019-7860,2
CVE-2019-7861,2
CVE-2019-7865,2
CVE-2019-7871,2
CVE-2019-7876,2
CVE-2019-7885,2
CVE-2019-7886,2
CVE-2019-7890,2
CVE-2019-7892,2
CVE-2019-7895,2
CVE-2019-7896,2
CVE-2019-7903,2
CVE-2019-7911,2
CVE-2019-7912,2
CVE-2019-7913,2
CVE-2019-7915,2
CVE-2019-7923,2
CVE-2019-7928,2
CVE-2019-7930,2
CVE-2019-7932,2
CVE-2019-7942,2
CVE-2019-7950,2
CVE-2019-7951,2
CVE-2019-8093,2
CVE-2019-8109,2
CVE-2019-8110,2
CVE-2019-8111,2
CVE-2019-8112,2
CVE-2019-8114,2
CVE-2019-8116,2
CVE-2019-8119,2
CVE-2019-8122,2
CVE-2019-8127,2
CVE-2019-8130,2
CVE-2019-8134,2
CVE-2019-8137,2
CVE-2019-8141,2
CVE-2019-8150,2
CVE-2019-8151,2
CVE-2019-8154,2
CVE-2019-8156,2
CVE-2019-8159,2
CVE-2019-14853,2
CVE-2020-11971,2
CVE-2017-10971,2
GHSA-84p7-fh9c-6g8h,2
SUSE-SU-2022:3791-1,2
CVE-2020-14385,2
CVE-2015-8539,2
CVE-2017-5754,2
CVE-2017-7477,2
CVE-2017-7895,2
CVE-2018-1000199,2
CVE-2018-1068,2
CVE-2018-3639,2
CVE-2017-11424,2
CVE-2021-26708,2
CVE-2021-4279,2
CVE-2020-14966,2
CVE-2023-34092,2
CVE-2015-8857,1
CVE-2020-7220,1
SUSE-SU-2023:0171-1,1
SUSE-SU-2022:3690-1,1
SUSE-SU-2022:4259-1,1
SUSE-SU-2022:4411-1,1
SUSE-SU-2023:0342-1,1
SUSE-SU-2023:2467-1,1
SUSE-SU-2022:4201-1,1
SUSE-SU-2023:0205-1,1
CVE-2021-21413,1
CVE-2018-7182,1
CVE-2022-36069,1
CVE-2022-36070,1
CVE-2022-24066,1
CVE-2022-25912,1
CVE-2021-27516,1
CVE-2019-10192,1
CVE-2019-10193,1
CVE-2020-14147,1
CVE-2018-12540,1
CVE-2020-8897,1
CVE-2022-23633,1
CVE-2023-23913,1
CVE-2020-8162,1
CVE-2023-22799,1
CVE-2022-23514,1
CVE-2022-23516,1
CVE-2019-13118,1
CVE-2019-16770,1
CVE-2020-11076,1
CVE-2021-29509,1
CVE-2022-23517,1
CVE-2020-7663,1
CVE-2023-1579,1
CVE-2022-32190,1
CVE-2023-24534,1
CVE-2023-24536,1
CVE-2023-24537,1
CVE-2023-39321,1
CVE-2023-39322,1
SUSE-SU-2020:2998-1,1
SUSE-SU-2019:3050-1,1
CVE-2023-28450,1
CVE-2021-3810,1
CVE-2023-25956,1
CVE-2023-28707,1
CVE-2023-39553,1
CVE-2023-37415,1
CVE-2023-33234,1
CVE-2023-25692,1
CVE-2022-3872,1
CVE-2023-1386,1
CVE-2023-3354,1
CVE-2023-5088,1
CVE-2021-42697,1
CVE-2018-18853,1
CVE-2018-18854,1
CVE-2021-21293,1
CVE-2021-21294,1
CVE-2019-5443,1
CVE-2023-26735,1
SUSE-SU-2023:3536-1,1
CVE-2023-26115,1
SUSE-SU-2019:3308-1,1
SUSE-SU-2020:0139-1,1
CVE-2022-40617,1
CVE-2023-30079,1
CVE-2021-40153,1
CVE-2021-32839,1
CVE-2022-31115,1
CVE-2023-1943,1
openSUSE-SU-2021:3387-1,1
SUSE-SU-2022:4153-1,1
SUSE-SU-2022:3489-1,1
SUSE-SU-2022:3884-1,1
SUSE-SU-2022:2566-1,1
SUSE-SU-2022:3692-1,1
CVE-2017-15705,1
CVE-2020-1737,1
CVE-2022-21426,1
CVE-2022-21434,1
CVE-2022-21443,1
CVE-2022-21496,1
CVE-2021-3100,1
CVE-2022-0070,1
CVE-2022-33915,1
CVE-2023-28486,1
CVE-2023-28487,1
CVE-2019-11711,1
CVE-2019-11712,1
CVE-2019-11713,1
CVE-2019-11740,1
CVE-2019-11742,1
CVE-2019-11744,1
CVE-2019-11746,1
CVE-2019-11752,1
CVE-2019-11757,1
CVE-2019-11758,1
CVE-2019-17008,1
CVE-2019-17012,1
CVE-2019-17016,1
CVE-2019-17017,1
CVE-2019-17024,1
CVE-2019-9811,1
CVE-2019-9812,1
CVE-2020-12405,1
CVE-2020-12406,1
CVE-2020-12410,1
CVE-2020-12417,1
CVE-2020-12418,1
CVE-2020-12419,1
CVE-2020-12420,1
CVE-2020-15652,1
CVE-2020-15659,1
CVE-2020-15664,1
CVE-2020-15669,1
CVE-2020-15673,1
CVE-2020-15683,1
CVE-2020-15969,1
CVE-2020-16042,1
CVE-2020-26951,1
CVE-2020-26968,1
CVE-2020-26971,1
CVE-2020-26973,1
CVE-2020-26974,1
CVE-2020-35113,1
CVE-2020-6463,1
CVE-2020-6514,1
CVE-2020-6796,1
CVE-2020-6800,1
CVE-2020-6805,1
CVE-2020-6806,1
CVE-2020-6807,1
CVE-2020-6814,1
CVE-2020-6821,1
CVE-2020-6825,1
CVE-2020-6831,1
CVE-2021-23953,1
CVE-2021-23954,1
CVE-2021-23964,1
CVE-2021-23968,1
CVE-2021-23969,1
CVE-2021-23978,1
CVE-2021-23981,1
CVE-2021-23987,1
CVE-2021-23994,1
CVE-2021-23995,1
CVE-2021-29967,1
CVE-2021-29970,1
CVE-2021-29976,1
CVE-2021-29980,1
CVE-2021-29984,1
CVE-2021-29986,1
CVE-2021-29988,1
CVE-2021-29989,1
CVE-2021-38493,1
CVE-2021-38496,1
CVE-2021-38500,1
CVE-2021-38501,1
CVE-2021-38503,1
CVE-2021-38504,1
CVE-2021-38506,1
CVE-2021-38507,1
CVE-2021-4127,1
CVE-2021-4129,1
CVE-2021-4140,1
CVE-2021-43534,1
CVE-2021-43535,1
CVE-2021-43536,1
CVE-2021-43537,1
CVE-2021-43538,1
CVE-2021-43539,1
CVE-2022-1097,1
CVE-2022-22737,1
CVE-2022-22738,1
CVE-2022-22740,1
CVE-2022-22741,1
CVE-2022-22742,1
CVE-2022-22743,1
CVE-2022-22751,1
CVE-2022-22754,1
CVE-2022-22764,1
CVE-2022-2505,1
CVE-2022-26381,1
CVE-2022-26383,1
CVE-2022-26384,1
CVE-2022-26387,1
CVE-2022-28281,1
CVE-2022-28289,1
CVE-2022-29909,1
CVE-2022-29911,1
CVE-2022-29914,1
CVE-2022-29916,1
CVE-2022-29917,1
CVE-2022-31736,1
CVE-2022-31737,1
CVE-2022-31738,1
CVE-2022-31740,1
CVE-2022-31741,1
CVE-2022-31747,1
CVE-2022-34468,1
CVE-2022-34470,1
CVE-2022-34479,1
CVE-2022-34484,1
CVE-2022-38472,1
CVE-2022-38473,1
CVE-2022-38477,1
CVE-2022-38478,1
CVE-2022-40959,1
CVE-2022-40960,1
CVE-2022-40962,1
CVE-2022-42927,1
CVE-2022-42928,1
CVE-2022-45403,1
CVE-2022-45404,1
CVE-2022-45405,1
CVE-2022-45406,1
CVE-2022-45408,1
CVE-2022-45409,1
CVE-2022-45421,1
CVE-2022-46871,1
CVE-2022-46872,1
CVE-2022-46878,1
CVE-2022-46880,1
CVE-2022-46881,1
CVE-2023-23598,1
CVE-2023-23605,1
CVE-2023-25728,1
CVE-2023-25730,1
CVE-2023-25735,1
CVE-2023-25737,1
CVE-2023-25739,1
CVE-2023-25743,1
CVE-2023-25744,1
CVE-2023-25746,1
CVE-2023-25751,1
CVE-2023-28176,1
CVE-2023-29533,1
CVE-2023-29535,1
CVE-2023-29536,1
CVE-2023-29550,1
CVE-2023-32205,1
CVE-2023-32206,1
CVE-2023-32207,1
CVE-2023-32215,1
CVE-2023-34414,1
CVE-2023-34416,1
CVE-2023-37201,1
CVE-2023-37202,1
CVE-2023-37211,1
CVE-2023-4045,1
CVE-2023-4046,1
CVE-2023-4049,1
CVE-2023-4056,1
CVE-2023-4057,1
CVE-2020-26950,1
CVE-2020-6819,1
CVE-2020-6820,1
CVE-2023-47117,1
CVE-2022-24441,1
CVE-2022-40764,1
CVE-2023-2194,1
CVE-2023-2235,1
CVE-2017-12595,1
CVE-2018-9918,1
CVE-2023-6015,1
CVE-2018-8768,1
CVE-2015-5237,1
CVE-2020-7746,1
openSUSE-SU-2016:3099-1,1
CVE-2015-7581,1
CVE-2016-0751,1
CVE-2016-2098,1
CVE-2016-0752,1
CVE-2020-8163,1
CVE-2014-10077,1
CVE-2018-3760,1
CVE-2021-31407,1
CVE-2021-22044,1
CVE-2022-23596,1
CVE-2017-9096,1
CVE-2016-2175,1
CVE-2016-4434,1
CVE-2023-40581,1
CVE-2023-43669,1
CVE-2020-5291,1
CVE-2019-14866,1
CVE-2020-10713,1
CVE-2020-14372,1
CVE-2020-25632,1
CVE-2020-25647,1
CVE-2020-27779,1
CVE-2021-20233,1
CVE-2022-2601,1
CVE-2022-28733,1
CVE-2022-28735,1
CVE-2022-28736,1
CVE-2022-3775,1
CVE-2023-4692,1
CVE-2018-11806,1
CVE-2018-12617,1
CVE-2018-17958,1
CVE-2019-12155,1
CVE-2019-13164,1
CVE-2019-14378,1
CVE-2019-6778,1
CVE-2021-20181,1
CVE-2021-3682,1
CVE-2021-3713,1
CVE-2021-3748,1
CVE-2021-3750,1
CVE-2019-17592,1
CVE-2020-25032,1
CVE-2019-7548,1
CVE-2020-27844,1
CVE-2021-21159,1
CVE-2021-21160,1
CVE-2021-21161,1
CVE-2021-21162,1
CVE-2021-21165,1
CVE-2021-21166,1
CVE-2021-21167,1
CVE-2021-21172,1
CVE-2021-21174,1
CVE-2021-21179,1
CVE-2021-21180,1
CVE-2021-21188,1
CVE-2021-21190,1
CVE-2021-21191,1
CVE-2021-21192,1
CVE-2021-21193,1
CVE-2021-21194,1
CVE-2021-21195,1
CVE-2021-21196,1
CVE-2021-21197,1
CVE-2021-21198,1
CVE-2021-21199,1
CVE-2021-21202,1
CVE-2021-21203,1
CVE-2021-21204,1
CVE-2021-21205,1
CVE-2021-21206,1
CVE-2021-21207,1
CVE-2021-21213,1
CVE-2021-21214,1
CVE-2021-30521,1
CVE-2021-30522,1
CVE-2021-30523,1
CVE-2021-30524,1
CVE-2021-30525,1
CVE-2021-30526,1
CVE-2021-30527,1
CVE-2021-30528,1
CVE-2021-30529,1
CVE-2021-30530,1
CVE-2021-30535,1
CVE-2021-30536,1
CVE-2021-30544,1
CVE-2021-30545,1
CVE-2021-30546,1
CVE-2021-30548,1
CVE-2021-30549,1
CVE-2021-30550,1
CVE-2021-30552,1
CVE-2021-30553,1
CVE-2021-30554,1
CVE-2021-30555,1
CVE-2021-30556,1
CVE-2021-30557,1
CVE-2021-30559,1
CVE-2021-30561,1
CVE-2021-30562,1
CVE-2021-30563,1
CVE-2021-30564,1
CVE-2021-30565,1
CVE-2021-30566,1
CVE-2021-30567,1
CVE-2021-30568,1
CVE-2021-30569,1
CVE-2021-30572,1
CVE-2021-30573,1
CVE-2021-30574,1
CVE-2021-30575,1
CVE-2021-30576,1
CVE-2021-30577,1
CVE-2021-30578,1
CVE-2021-30579,1
CVE-2021-30581,1
CVE-2021-30585,1
CVE-2021-30586,1
CVE-2021-30588,1
CVE-2021-30590,1
CVE-2021-30591,1
CVE-2021-30592,1
CVE-2021-30593,1
CVE-2021-30600,1
CVE-2021-30601,1
CVE-2021-30602,1
CVE-2021-30603,1
CVE-2021-30604,1
CVE-2021-30606,1
CVE-2021-30607,1
CVE-2021-30608,1
CVE-2021-30609,1
CVE-2021-30610,1
CVE-2021-30611,1
CVE-2021-30612,1
CVE-2021-30613,1
CVE-2021-30614,1
CVE-2021-30616,1
CVE-2021-30618,1
CVE-2021-30620,1
CVE-2021-30622,1
CVE-2021-30623,1
CVE-2021-30624,1
CVE-2021-30625,1
CVE-2021-30626,1
CVE-2021-30627,1
CVE-2021-30628,1
CVE-2021-30629,1
CVE-2021-30632,1
CVE-2022-0453,1
CVE-2022-0454,1
CVE-2022-0456,1
CVE-2022-0457,1
CVE-2022-0458,1
CVE-2022-0459,1
CVE-2022-0460,1
CVE-2022-0463,1
CVE-2022-0464,1
CVE-2022-0465,1
CVE-2022-0467,1
CVE-2022-0468,1
CVE-2022-0469,1
CVE-2022-0470,1
CVE-2022-0603,1
CVE-2022-0604,1
CVE-2022-0605,1
CVE-2022-0606,1
CVE-2022-0607,1
CVE-2022-0608,1
CVE-2022-0609,1
CVE-2022-0610,1
CVE-2022-1096,1
CVE-2022-1364,1
CVE-2022-1477,1
CVE-2022-1478,1
CVE-2022-1479,1
CVE-2022-1481,1
CVE-2022-1483,1
CVE-2022-1484,1
CVE-2022-1485,1
CVE-2022-1486,1
CVE-2022-1487,1
CVE-2022-1489,1
CVE-2022-1490,1
CVE-2022-1491,1
CVE-2022-1493,1
CVE-2022-1496,1
CVE-2022-1633,1
CVE-2022-1634,1
CVE-2022-1635,1
CVE-2022-1636,1
CVE-2022-1638,1
CVE-2022-1639,1
CVE-2022-1640,1
CVE-2022-1641,1
CVE-2022-1854,1
CVE-2022-1855,1
CVE-2022-1856,1
CVE-2022-1857,1
CVE-2022-1859,1
CVE-2022-1860,1
CVE-2022-1861,1
CVE-2022-1863,1
CVE-2022-1864,1
CVE-2022-1865,1
CVE-2022-1866,1
CVE-2022-1870,1
CVE-2022-1874,1
CVE-2022-1876,1
CVE-2022-2156,1
CVE-2022-2157,1
CVE-2022-2158,1
CVE-2022-2161,1
CVE-2022-2162,1
CVE-2022-2163,1
CVE-2022-2294,1
CVE-2022-2295,1
CVE-2022-2296,1
CVE-2022-2477,1
CVE-2022-2478,1
CVE-2022-2480,1
CVE-2022-2481,1
CVE-2020-14212,1
CVE-2020-20450,1
CVE-2020-24020,1
CVE-2021-30123,1
CVE-2021-33815,1
CVE-2021-36770,1
CVE-2020-36604,1
CVE-2018-5744,1
CVE-2019-6467,1
CVE-2019-6468,1
CVE-2019-6469,1
CVE-2019-6475,1
CVE-2019-6476,1
CVE-2021-25220,1
CVE-2022-2795,1
CVE-2022-3080,1
CVE-2019-15163,1
CVE-2022-39327,1
CVE-2020-8201,1
CVE-2022-22846,1
CVE-2021-39214,1
CVE-2022-31471,1
CVE-2022-33977,1
CVE-2021-39293,1
CVE-2018-1000201,1
SUSE-SU-2023:4586-1,1
CVE-2022-41742,1
CVE-2022-41743,1
CVE-2014-1932,1
CVE-2014-1933,1
CVE-2014-3007,1
CVE-2023-28118,1
CVE-2019-12291,1
CVE-2019-8336,1
CVE-2018-1000500,1
CVE-2018-20679,1
CVE-2019-5747,1
CVE-2021-32606,1
CVE-2021-33200,1
CVE-2021-41073,1
SUSE-SU-2019:2650-1,1
SUSE-SU-2019:2009-1,1
SUSE-SU-2019:2381-1,1
SUSE-SU-2019:2440-1,1
SUSE-SU-2020:0630-1,1
SUSE-SU-2020:2225-1,1
SUSE-SU-2019:2264-1,1
CVE-2017-14158,1
CVE-2017-16115,1
CVE-2021-4305,1
CVE-2020-1108,1
CVE-2020-1147,1
CVE-2023-27560,1
CVE-2022-1278,1
CVE-2020-26521,1
CVE-2021-3127,1
GHSA-2c64-vj8g-vwrq,1
GHSA-hmm9-r2m2-qg9w,1
GHSA-j756-f273-xhp4,1
CVE-2020-35380,1
CVE-2020-36066,1
CVE-2020-36067,1
CVE-2018-1098,1
CVE-2021-21241,1
CVE-2019-14491,1
CVE-2019-14492,1
CVE-2019-14493,1
CVE-2019-5063,1
CVE-2019-5064,1
CVE-2019-9423,1
SUSE-SU-2023:4124-1,1
CVE-2022-24794,1
CVE-2019-10091,1
CVE-2021-34797,1
CVE-2022-37022,1
CVE-2019-12422,1
CVE-2020-13933,1
CVE-2016-3190,1
CVE-2016-1521,1
CVE-2016-1522,1
CVE-2016-1526,1
CVE-2016-1969,1
CVE-2016-1977,1
CVE-2016-2790,1
CVE-2016-2791,1
CVE-2016-2792,1
CVE-2016-2793,1
CVE-2016-2794,1
CVE-2016-2795,1
CVE-2016-2796,1
CVE-2016-2797,1
CVE-2016-2798,1
CVE-2016-2799,1
CVE-2016-2800,1
CVE-2016-2801,1
CVE-2016-2802,1
CVE-2016-1577,1
CVE-2015-7805,1
CVE-2015-8325,1
CVE-2016-5393,1
CVE-2017-7687,1
CVE-2017-9790,1
CVE-2023-43497,1
CVE-2023-43498,1
CVE-2018-6871,1
CVE-2021-3283,1
CVE-2021-37218,1
CVE-2021-43415,1
CVE-2022-24683,1
CVE-2022-24685,1
CVE-2022-23495,1
CVE-2017-1000354,1
CVE-2017-1000356,1
CVE-2017-2608,1
CVE-2021-33516,1
CVE-2022-34568,1
CVE-2021-21240,1
CVE-2021-23490,1
CVE-2023-40225,1
CVE-2023-45539,1
CVE-2021-35065,1
CVE-2023-38178,1
CVE-2018-16880,1
CVE-2018-16882,1
CVE-2019-11811,1
CVE-2019-12817,1
CVE-2019-13233,1
CVE-2019-1999,1
CVE-2019-2025,1
CVE-2019-8912,1
CVE-2019-8956,1
CVE-2019-9003,1
CVE-2019-9162,1
CVE-2023-26607,1
CVE-2022-42252,1
CVE-2022-45143,1
CVE-2023-28709,1
CVE-2021-3115,1
CVE-2022-41722,1
CVE-2023-29013,1
CVE-2018-16065,1
CVE-2018-17458,1
CVE-2018-17465,1
CVE-2019-13696,1
CVE-2019-13698,1
CVE-2019-13728,1
CVE-2019-13730,1
CVE-2019-13735,1
CVE-2019-13764,1
CVE-2019-5807,1
CVE-2019-5813,1
CVE-2019-5831,1
CVE-2019-5841,1
CVE-2019-5843,1
CVE-2019-9515,1
CVE-2020-15979,1
CVE-2020-6379,1
CVE-2020-6381,1
CVE-2020-6382,1
CVE-2020-6383,1
CVE-2020-6415,1
CVE-2020-6418,1
CVE-2020-6419,1
CVE-2020-6430,1
CVE-2020-6434,1
CVE-2020-6447,1
CVE-2020-6448,1
CVE-2020-6453,1
CVE-2020-6468,1
CVE-2020-6512,1
CVE-2020-6518,1
CVE-2020-6533,1
CVE-2020-6537,1
CVE-2021-21227,1
CVE-2021-21230,1
CVE-2021-21231,1
CVE-2021-30513,1
CVE-2021-30517,1
CVE-2021-37975,1
CVE-2021-38007,1
CVE-2021-4061,1
CVE-2023-30585,1
CVE-2020-13952,1
CVE-2021-41971,1
CVE-2022-43719,1
CVE-2023-27524,1
CVE-2023-49734,1
GHSA-f678-j579-4xf5,1
CVE-2020-14342,1
CVE-2022-27239,1
CVE-2023-27490,1
CVE-2020-35861,1
GHSA-9g55-pg62-m8hh,1
CVE-2020-35711,1
CVE-2020-15254,1
CVE-2020-36465,1
CVE-2020-26297,1
CVE-2020-25791,1
CVE-2020-25792,1
CVE-2020-25793,1
CVE-2020-25794,1
CVE-2020-25795,1
CVE-2020-25796,1
CVE-2018-15560,1
CVE-2023-6293,1
CVE-2018-10860,1
CVE-2019-10768,1
CVE-2022-1343,1
CVE-2022-1434,1
CVE-2021-39178,1
CVE-2019-5484,1
CVE-2018-16472,1
GHSA-73v8-v6g4-vrpm,1
GHSA-46fh-8fc5-xcwx,1
GHSA-h5mp-5q4p-ggf5,1
GHSA-5947-m4fg-xhqg,1
CVE-2018-16469,1
CVE-2017-16113,1
CVE-2021-23354,1
CVE-2018-20835,1
CVE-2019-0542,1
CVE-2021-3497,1
CVE-2021-3498,1
CVE-2022-38149,1
CVE-2017-7245,1
CVE-2017-7246,1
CVE-2017-12174,1
CVE-2018-17187,1
CVE-2019-0223,1
CVE-2019-10174,1
CVE-2018-1051,1
CVE-2018-14637,1
CVE-2019-10170,1
CVE-2019-10199,1
CVE-2020-14389,1
CVE-2020-27826,1
CVE-2021-20202,1
CVE-2021-3632,1
CVE-2021-3637,1
CVE-2023-6563,1
CVE-2021-3827,1
CVE-2021-4133,1
CVE-2023-0264,1
CVE-2023-2422,1
CVE-2014-3530,1
CVE-2020-8237,1
CVE-2023-26152,1
CVE-2022-25883,1
CVE-2022-36313,1
CVE-2021-23395,1
SUSE-SU-2023:3610-1,1
SUSE-SU-2023:3949-1,1
SUSE-SU-2023:4214-1,1
SUSE-SU-2023:4551-1,1
SUSE-SU-2023:4302-1,1
SUSE-SU-2023:4588-1,1
SUSE-SU-2023:3984-1,1
SUSE-SU-2023:3946-1,1
SUSE-SU-2023:4046-1,1
CVE-2019-14868,1
CVE-2013-7456,1
CVE-2015-8874,1
CVE-2015-8877,1
CVE-2016-5766,1
CVE-2016-6128,1
CVE-2014-9904,1
CVE-2016-2143,1
CVE-2016-3070,1
CVE-2016-3157,1
CVE-2016-3672,1
CVE-2016-4485,1
CVE-2016-4565,1
CVE-2016-4580,1
CVE-2016-4805,1
CVE-2016-4913,1
CVE-2016-4998,1
CVE-2016-5244,1
CVE-2016-5828,1
CVE-2016-5829,1
CVE-2016-3096,1
CVE-2016-8614,1
CVE-2016-9587,1
CVE-2022-4147,1
CVE-2023-45285,1
CVE-2021-38296,1
CVE-2022-33891,1
CVE-2022-43441,1
CVE-2015-3290,1
CVE-2015-5307,1
CVE-2015-7613,1
CVE-2016-0728,1
CVE-2016-10229,1
CVE-2016-1576,1
CVE-2016-0777,1
CVE-2015-3209,1
CVE-2022-45939,1
CVE-2022-48338,1
CVE-2017-18232,1
CVE-2018-10323,1
CVE-2018-20669,1
CVE-2018-25020,1
CVE-2018-8043,1
CVE-2019-18808,1
CVE-2019-19054,1
CVE-2019-19060,1
CVE-2019-19061,1
CVE-2019-19062,1
CVE-2019-19073,1
CVE-2019-19319,1
CVE-2019-19332,1
CVE-2019-19462,1
CVE-2019-19813,1
CVE-2019-20096,1
CVE-2019-3016,1
CVE-2019-7308,1
CVE-2019-9445,1
CVE-2020-0543,1
CVE-2020-10732,1
CVE-2020-10751,1
CVE-2020-10766,1
CVE-2020-10767,1
CVE-2020-10768,1
CVE-2020-10781,1
CVE-2020-10942,1
CVE-2020-12352,1
CVE-2020-12655,1
CVE-2020-12770,1
CVE-2020-12771,1
CVE-2020-12826,1
CVE-2020-14314,1
CVE-2020-14331,1
CVE-2020-14390,1
CVE-2020-15393,1
CVE-2020-24490,1
CVE-2020-25211,1
CVE-2020-25284,1
CVE-2020-25285,1
CVE-2020-25656,1
CVE-2020-25704,1
CVE-2020-26558,1
CVE-2020-2732,1
CVE-2020-27418,1
CVE-2020-27673,1
CVE-2020-27675,1
CVE-2020-27777,1
CVE-2020-27825,1
CVE-2020-28941,1
CVE-2020-28974,1
CVE-2020-29568,1
CVE-2020-29660,1
CVE-2020-36322,1
CVE-2020-8694,1
CVE-2021-0129,1
CVE-2021-20317,1
CVE-2021-20321,1
CVE-2021-26341,1
CVE-2021-26401,1
CVE-2021-26931,1
CVE-2021-26932,1
CVE-2021-27363,1
CVE-2021-28038,1
CVE-2021-28688,1
CVE-2021-28711,1
CVE-2021-28712,1
CVE-2021-28713,1
CVE-2021-28714,1
CVE-2021-28715,1
CVE-2021-28964,1
CVE-2021-28972,1
CVE-2021-29265,1
CVE-2021-29647,1
CVE-2021-29650,1
CVE-2021-3178,1
CVE-2021-33624,1
CVE-2021-33655,1
CVE-2021-34556,1
CVE-2021-35477,1
CVE-2021-3564,1
CVE-2021-3573,1
CVE-2021-37159,1
CVE-2021-3744,1
CVE-2021-3764,1
CVE-2021-38199,1
CVE-2021-3923,1
CVE-2021-39648,1
CVE-2021-4159,1
CVE-2022-0494,1
CVE-2022-0617,1
CVE-2022-0812,1
CVE-2022-0854,1
CVE-2022-1015,1
CVE-2022-1016,1
CVE-2022-1184,1
CVE-2022-1462,1
CVE-2022-20565,1
CVE-2022-21123,1
CVE-2022-21125,1
CVE-2022-21166,1
CVE-2022-2153,1
CVE-2022-2318,1
CVE-2022-24448,1
CVE-2022-2663,1
CVE-2022-28356,1
CVE-2022-28693,1
CVE-2022-29901,1
CVE-2022-32296,1
CVE-2022-32981,1
CVE-2022-33744,1
CVE-2022-36123,1
CVE-2022-3621,1
CVE-2022-3646,1
CVE-2022-36879,1
CVE-2022-39188,1
CVE-2022-39842,1
CVE-2022-40307,1
CVE-2022-40768,1
CVE-2022-41849,1
CVE-2022-41850,1
CVE-2022-43750,1
CVE-2023-2860,1
CVE-2023-4459,1
CVE-2019-10099,1
CVE-2023-30535,1
CVE-2021-23426,1
CVE-2016-5546,1
CVE-2016-5573,1
CVE-2017-3253,1
CVE-2017-3260,1
CVE-2017-3511,1
CVE-2016-5388,1
CVE-2016-6816,1
CVE-2018-15664,1
CVE-2019-5736,1
CVE-2021-41103,1
CVE-2016-10156,1
CVE-2021-25289,1
CVE-2023-4033,1
CVE-2020-13482,1
CVE-2016-7051,1
CVE-2022-39261,1
CVE-2018-1000656,1
CVE-2019-1010083,1
CVE-2023-3417,1
CVE-2023-4055,1
GHSA-m9hw-7xfv-wqg7,1
CVE-2014-10064,1
CVE-2014-7191,1
CVE-2017-10686,1
CVE-2017-11111,1
CVE-2017-17818,1
CVE-2018-10254,1
CVE-2018-19216,1
CVE-2023-34610,1
SUSE-SU-2022:3001-1,1
SUSE-SU-2021:0226-1,1
SUSE-SU-2021:1273-1,1
SUSE-SU-2022:4240-1,1
SUSE-SU-2023:0101-1,1
CVE-2020-36649,1
GHSA-qvjc-g5vr-mfgr,1
CVE-2015-3246,1
CVE-2015-6908,1
CVE-2015-8860,1
CVE-2017-11879,1
CVE-2018-16541,1
CVE-2018-16542,1
CVE-2018-16863,1
CVE-2018-18073,1
CVE-2018-19409,1
CVE-2019-14813,1
CVE-2019-3835,1
CVE-2019-3838,1
CVE-2017-7778,1
CVE-2015-8784,1
CVE-2016-5320,1
CVE-2017-1000116,1
CVE-2023-23583,1
CVE-2017-12424,1
CVE-2022-41404,1
CVE-2017-15019,1
CVE-2017-10683,1
CVE-2017-12839,1
CVE-2017-2888,1
CVE-2019-13616,1
CVE-2019-7572,1
CVE-2019-7573,1
CVE-2019-7574,1
CVE-2019-7575,1
CVE-2019-7576,1
CVE-2019-7577,1
CVE-2019-7578,1
CVE-2019-7635,1
CVE-2019-7636,1
CVE-2019-7637,1
CVE-2019-7638,1
CVE-2020-14409,1
CVE-2017-14482,1
CVE-2018-25011,1
CVE-2020-36328,1
CVE-2020-36329,1
CVE-2022-22817,1
CVE-2015-7697,1
CVE-2016-9844,1
CVE-2023-2315,1
CVE-2023-47444,1
SUSE-SU-2023:4189-1,1
SUSE-SU-2023:4649-1,1
CVE-2023-43810,1
SUSE-SU-2022:3959-1,1
CVE-2023-5090,1
