CVE-2022-3219,11905
CVE-2022-0563,9329
CVE-2018-5709,4932
CVE-2022-27943,4650
CVE-2023-29383,3625
CVE-2021-37600,3542
CVE-2010-4756,3398
CVE-2019-1010023,3398
CVE-2018-20796,3379
CVE-2019-1010022,3379
CVE-2019-1010024,3379
CVE-2019-1010025,3379
CVE-2019-9192,3379
CVE-2011-4116,3225
CVE-2023-31486,3157
CVE-2023-38546,3069
CVE-2013-4392,3061
CVE-2023-31437,3061
CVE-2023-31438,3061
CVE-2023-31439,3061
CVE-2020-13529,2940
CVE-2017-13716,2824
CVE-2013-4235,2713
CVE-2021-3826,2638
CVE-2019-1010204,2619
CVE-2022-48064,2565
CVE-2021-46195,2555
CVE-2011-3374,2499
CVE-2007-6755,2485
CVE-2010-0928,2485
CVE-2007-5686,2436
CVE-2019-19882,2436
TEMP-0628843-DBAD28,2436
CVE-2023-28322,2400
CVE-2022-4285,2139
CVE-2017-11164,2093
CVE-2016-2781,1994
CVE-2019-14855,1985
CVE-2023-1972,1897
CVE-2022-35252,1859
CVE-2022-29458,1850
CVE-2018-18483,1845
CVE-2016-20013,1793
CVE-2023-4806,1775
CVE-2021-45078,1761
CVE-2023-4813,1754
CVE-2023-28320,1753
CVE-2021-22922,1741
CVE-2021-22923,1741
CVE-2018-20673,1734
CVE-2021-32256,1702
CVE-2018-20712,1701
CVE-2018-9996,1701
CVE-2021-39537,1650
CVE-2022-47007,1618
CVE-2022-47010,1618
CVE-2022-47011,1618
CVE-2022-44840,1599
CVE-2022-47008,1599
CVE-2022-38533,1591
CVE-2023-25584,1583
CVE-2023-25585,1583
CVE-2023-25588,1583
CVE-2020-35448,1572
CVE-2017-7245,1560
CVE-2017-7246,1560
CVE-2018-20657,1557
CVE-2021-36084,1553
CVE-2021-36085,1553
CVE-2021-36086,1553
CVE-2019-20838,1546
CVE-2021-36087,1536
CVE-2021-20284,1511
CVE-2020-19726,1509
CVE-2021-20197,1509
CVE-2021-3530,1509
CVE-2021-3549,1509
CVE-2021-46174,1509
CVE-2022-35205,1509
CVE-2022-35206,1509
CVE-2022-45703,1509
CVE-2022-47673,1509
CVE-2022-47695,1509
CVE-2022-47696,1509
CVE-2022-48063,1509
CVE-2022-48065,1509
CVE-2023-1579,1509
CVE-2023-25586,1509
CVE-2021-22898,1507
CVE-2019-17594,1499
CVE-2019-17595,1499
TEMP-0517018-A83CE6,1473
CVE-2021-3671,1416
CVE-2023-2602,1415
CVE-2020-27619,1409
CVE-2011-3389,1362
CVE-2017-16231,1310
CVE-2018-19211,1273
CVE-2022-28321,1264
CVE-2023-24535,1259
CVE-2017-18018,1253
CVE-2005-2541,1251
CVE-2022-48303,1251
TEMP-0290435-0B57B5,1251
CVE-2019-19126,1248
TEMP-0841856-B18BAF,1241
CVE-2018-6829,1238
CVE-2023-4016,1220
CVE-2023-3446,1215
CVE-2023-3817,1215
CVE-2020-15719,1198
CVE-2019-9674,1160
CVE-2021-28861,1142
CVE-2015-3276,1114
CVE-2017-14159,1114
CVE-2017-17740,1114
CVE-2019-20386,1112
CVE-2021-22924,1096
CVE-2022-41409,1091
CVE-2021-33294,1080
CVE-2017-11462,1077
CVE-2021-45346,1075
CVE-2022-48522,1062
CVE-2018-5730,1047
CVE-2018-1000021,1009
CVE-2018-7169,997
CVE-2021-36690,996
CVE-2019-1563,928
CVE-2023-2953,924
CVE-2023-26604,920
CVE-2020-8908,880
CVE-2019-12098,873
CVE-2021-39212,868
CVE-2022-35737,858
CVE-2020-6096,857
CVE-2023-27534,842
CVE-2018-16888,840
CVE-2020-8284,837
CVE-2023-0464,830
CVE-2023-0465,830
CVE-2023-0466,830
CVE-2021-27645,799
CVE-2019-14250,777
CVE-2012-0039,729
CVE-2018-15607,725
CVE-2022-4292,724
CVE-2005-0406,723
CVE-2008-3134,723
CVE-2016-8678,723
CVE-2017-11754,723
CVE-2017-11755,723
CVE-2017-7275,723
CVE-2021-20311,723
CVE-2023-34152,723
CVE-2016-10228,714
CVE-2020-27618,714
CVE-2023-27538,701
CVE-2022-3520,696
CVE-2022-3591,696
CVE-2017-7475,685
CVE-2019-6461,682
CVE-2018-18064,673
CVE-2022-3352,673
CVE-2023-25815,672
CVE-2019-13050,668
CVE-2015-20107,663
CVE-2022-4293,661
CVE-2023-2975,645
CVE-2013-0340,635
CVE-2020-8492,624
CVE-2016-2568,615
CVE-2012-2663,613
CVE-2023-48231,610
CVE-2023-48232,610
CVE-2023-48233,610
CVE-2023-48234,610
CVE-2023-48235,610
CVE-2023-48236,610
CVE-2023-48237,610
CVE-2018-1121,609
CVE-2022-24975,598
CVE-2022-37454,598
CVE-2021-3574,598
CVE-2018-12928,585
CVE-2021-23839,579
CVE-2023-34969,572
CVE-2019-17514,551
CVE-2020-35501,550
CVE-2019-19378,545
CVE-2018-7738,542
CVE-2023-27533,539
CVE-2017-13693,527
CVE-2021-26934,525
CVE-2022-44034,525
CVE-2022-45884,525
CVE-2022-44033,524
CVE-2023-4134,524
CVE-2022-41848,523
CVE-2022-45885,523
CVE-2023-31085,519
CVE-2020-1752,514
CVE-2019-9169,508
CVE-2020-10029,508
CVE-2022-2208,500
CVE-2022-2210,500
CVE-2022-2284,500
CVE-2022-2286,500
CVE-2022-2287,500
CVE-2019-25013,499
CVE-2020-29562,499
CVE-2021-3326,499
CVE-2021-35942,499
CVE-2022-23218,499
CVE-2022-23219,499
CVE-2021-20193,498
CVE-2023-27536,497
CVE-2019-9923,495
CVE-2005-1119,492
CVE-2017-17522,491
CVE-2019-18276,490
CVE-2022-43995,484
CVE-2019-18348,479
CVE-2018-12698,478
CVE-2018-12699,478
CVE-2018-12934,478
CVE-2018-17360,478
CVE-2018-17794,478
CVE-2018-17985,478
CVE-2018-18484,478
CVE-2018-18605,478
CVE-2018-18606,478
CVE-2018-18607,478
CVE-2018-18700,478
CVE-2018-18701,478
CVE-2018-19932,478
CVE-2018-20002,478
CVE-2019-12972,478
CVE-2020-27751,476
CVE-2022-2125,473
CVE-2022-2289,472
CVE-2019-17450,471
CVE-2018-6954,464
CVE-2020-25666,463
CVE-2020-25675,463
CVE-2020-27754,463
CVE-2020-27757,463
CVE-2020-27758,463
CVE-2020-27759,463
CVE-2020-27761,463
CVE-2020-27764,463
CVE-2020-27767,463
CVE-2020-27768,463
CVE-2020-27769,463
CVE-2020-27771,463
CVE-2020-27772,463
CVE-2020-27774,463
CVE-2020-27775,463
CVE-2020-27776,463
CVE-2017-15670,459
CVE-2017-15804,459
CVE-2019-6462,456
CVE-2020-16592,456
CVE-2020-27763,450
CVE-2020-27765,450
CVE-2020-27773,450
CVE-2022-2285,449
CVE-2022-2124,445
CVE-2022-2126,445
CVE-2022-2206,445
CVE-2022-2849,445
CVE-2020-27560,444
CVE-2022-27781,442
CVE-2018-10126,441
CVE-2023-3164,441
CVE-2023-28321,440
CVE-2022-2845,440
CVE-2019-12380,437
CVE-2018-12697,435
CVE-2018-19217,430
CVE-2020-19185,430
CVE-2020-19186,430
CVE-2020-19187,430
CVE-2020-19188,430
CVE-2020-19189,430
CVE-2020-19190,430
CVE-2019-16234,424
CVE-2019-16935,422
CVE-2022-2598,421
CVE-2018-18309,419
CVE-2018-20651,419
CVE-2019-9071,419
CVE-2023-1916,418
CVE-2021-22890,418
CVE-2022-2257,418
CVE-2022-2581,417
CVE-2018-17358,417
CVE-2018-19931,417
CVE-2019-9070,417
CVE-2020-1968,416
CVE-2019-5010,415
CVE-2022-3153,414
CVE-2018-1000654,413
CVE-2018-1000876,412
CVE-2018-17359,412
CVE-2018-20623,412
CVE-2018-20671,412
CVE-2018-9138,412
CVE-2019-9073,412
CVE-2019-9074,412
CVE-2019-9075,412
CVE-2019-9077,412
CVE-2022-2264,409
CVE-2017-15671,408
CVE-2022-4899,407
CVE-2021-43618,403
CVE-2019-16232,402
CVE-2020-35512,401
CVE-2020-35493,400
CVE-2020-35494,400
CVE-2020-35495,400
CVE-2020-35496,400
CVE-2020-35507,400
CVE-2020-8231,396
CVE-2022-2874,395
CVE-2023-22995,393
CVE-2020-19909,393
CVE-2019-17451,393
CVE-2020-16591,393
CVE-2020-16593,393
CVE-2020-16599,393
CVE-2018-1060,392
CVE-2019-15847,388
CVE-2021-45261,387
CVE-2008-4108,387
CVE-2018-6952,386
CVE-2022-2231,386
CVE-2022-2816,386
CVE-2019-16231,384
CVE-2019-16229,383
CVE-2019-16233,383
CVE-2023-1264,377
CVE-2023-2609,377
CVE-2023-46246,377
CVE-2023-48706,377
CVE-2023-5441,377
CVE-2021-32078,375
CVE-2002-1976,375
CVE-2022-1886,375
CVE-2023-5535,372
CVE-2019-19244,368
CVE-2021-4214,367
CVE-2019-11191,367
CVE-2022-3278,364
CVE-2022-3297,364
CVE-2019-1551,363
CVE-2022-3715,362
CVE-2023-1513,362
CVE-2018-1061,361
CVE-2009-5155,357
CVE-2019-3815,356
CVE-2022-3491,355
CVE-2019-16230,354
CVE-2022-1733,354
CVE-2022-1735,354
CVE-2022-1796,354
CVE-2015-2877,353
CVE-2017-0630,353
CVE-2018-9234,353
CVE-2017-1000382,349
CVE-2017-12133,348
CVE-2019-17543,345
CVE-2018-1000030,344
CVE-2010-4563,340
CVE-2018-5729,339
CVE-2021-23840,338
CVE-2016-2226,338
CVE-2016-4487,338
CVE-2016-4488,338
CVE-2016-4489,338
CVE-2016-4490,338
CVE-2016-4491,338
CVE-2016-4492,338
CVE-2016-4493,338
CVE-2021-3903,336
CVE-2022-31782,335
CVE-2019-1010180,334
CVE-2019-14444,334
CVE-2020-16590,334
CVE-2020-19724,334
CVE-2020-21490,334
CVE-2020-35342,334
CVE-2021-20294,334
CVE-2004-0230,333
CVE-2005-3660,333
CVE-2007-3719,333
CVE-2008-2544,333
CVE-2008-4609,333
CVE-2010-5321,333
CVE-2011-4915,333
CVE-2011-4916,333
CVE-2011-4917,333
CVE-2012-4542,333
CVE-2014-9892,333
CVE-2014-9900,333
CVE-2016-10723,333
CVE-2016-8660,333
CVE-2017-13694,333
CVE-2018-17977,333
CVE-2019-12378,333
CVE-2019-12379,333
CVE-2019-12381,333
CVE-2019-12382,333
CVE-2019-12455,333
CVE-2019-12456,333
CVE-2019-19070,333
CVE-2020-11725,333
CVE-2021-3714,333
CVE-2022-0400,333
CVE-2022-1247,333
CVE-2022-25265,333
CVE-2022-2961,333
CVE-2022-44032,333
CVE-2023-23039,333
CVE-2023-26242,333
TEMP-0000000-F7A20F,333
CVE-2020-12413,333
CVE-2020-10543,331
CVE-2020-10878,331
CVE-2020-12723,331
CVE-2019-6129,325
CVE-2021-3426,324
CVE-2022-1210,322
CVE-2022-46908,322
CVE-2021-4166,322
CVE-2022-2175,322
CVE-2022-2182,322
CVE-2022-2183,322
CVE-2022-2207,322
CVE-2022-2343,322
CVE-2022-2344,322
CVE-2022-2345,322
CVE-2022-2923,322
CVE-2022-2980,322
CVE-2022-3296,322
CVE-2023-0049,322
CVE-2023-0433,322
CVE-2023-0512,322
CVE-2023-1170,322
CVE-2023-0288,317
CVE-2021-3974,315
CVE-2023-4734,314
CVE-2023-4735,314
CVE-2023-4751,314
CVE-2020-14155,311
CVE-2022-0443,303
CVE-2022-0729,303
CVE-2022-1898,303
CVE-2022-2889,303
CVE-2023-0051,303
CVE-2019-9543,300
CVE-2022-45886,299
CVE-2021-20266,299
CVE-2023-23000,296
CVE-2023-23003,296
CVE-2015-5218,295
CVE-2019-9545,293
CVE-2023-6228,290
CVE-2017-16232,289
CVE-2008-4677,286
CVE-2023-1355,286
CVE-2023-4733,286
CVE-2023-4750,286
CVE-2017-5563,285
CVE-2017-9117,285
CVE-2021-4209,285
CVE-2022-3857,285
CVE-2017-9937,284
CVE-2021-3973,284
CVE-2021-33574,283
CVE-2019-6988,281
CVE-2017-17973,279
CVE-2021-4193,279
CVE-2022-27776,279
CVE-2019-17023,278
CVE-2020-27753,276
CVE-2020-27755,276
CVE-2019-11727,275
CVE-2022-0696,272
CVE-2016-20012,272
CVE-2021-3927,271
CVE-2022-1619,271
CVE-2022-1720,271
CVE-2022-2819,271
CVE-2022-2946,271
CVE-2022-3037,271
CVE-2022-3234,271
CVE-2022-3235,271
CVE-2022-3256,271
CVE-2013-7040,270
CVE-2019-6110,267
CVE-2022-3705,266
CVE-2019-13310,266
CVE-2019-16709,266
CVE-2022-2522,259
CVE-2018-15919,259
CVE-2019-1547,257
CVE-2017-12670,257
CVE-2023-5678,256
CVE-2022-2817,252
CVE-2022-2862,252
CVE-2021-4217,250
CVE-2017-11112,247
CVE-2017-11113,247
CVE-2017-13728,247
CVE-2017-13729,247
CVE-2017-13730,247
CVE-2017-13731,247
CVE-2017-13732,247
CVE-2017-13733,247
CVE-2017-13734,247
CVE-2017-16879,247
CVE-2023-22045,245
CVE-2022-1154,245
CVE-2020-14422,245
CVE-2022-1056,244
CVE-2015-5276,244
CVE-2021-4069,243
CVE-2022-2571,243
CVE-2023-5870,243
CVE-2017-7407,242
CVE-2023-21843,242
CVE-2023-31081,240
CVE-2018-0495,240
CVE-2019-9893,240
CVE-2022-1620,240
CVE-2022-1674,240
CVE-2022-1725,240
CVE-2022-2042,240
CVE-2022-3016,240
CVE-2017-1000408,238
CVE-2017-1000409,238
CVE-2017-16997,238
CVE-2023-45322,237
CVE-2020-8991,237
CVE-2023-3896,235
CVE-2021-38205,235
CVE-2023-3141,234
CVE-2016-9586,233
CVE-2017-1000100,233
CVE-2023-30775,233
CVE-2022-1629,231
CVE-2022-1769,231
CVE-2022-1771,231
CVE-2022-1927,231
CVE-2022-47024,231
CVE-2017-18252,229
CVE-2018-8804,229
CVE-2018-7443,227
CVE-2018-8960,227
CVE-2023-25193,224
CVE-2018-18024,224
CVE-2018-20467,224
CVE-2018-9133,224
CVE-2019-11472,224
CVE-2019-13454,224
CVE-2022-43552,224
CVE-2017-17681,222
CVE-2019-12977,222
CVE-2019-12978,222
CVE-2019-13308,222
CVE-2019-13391,222
CVE-2018-11236,221
CVE-2018-11237,221
CVE-2023-1255,218
CVE-2022-3358,218
CVE-2023-34256,217
CVE-2020-12656,216
CVE-2023-35823,216
CVE-2023-35824,216
CVE-2023-35828,216
CVE-2023-22049,215
CVE-2020-14304,215
CVE-2016-10254,215
CVE-2016-10255,215
CVE-2020-11656,214
CVE-2022-2129,214
CVE-2018-20482,212
CVE-2018-6951,211
CVE-2022-2047,208
CVE-2022-0318,208
CVE-2016-9797,207
CVE-2016-9798,207
CVE-2016-9799,207
CVE-2016-9800,207
CVE-2016-9801,207
CVE-2016-9802,207
CVE-2016-9803,207
CVE-2016-9804,207
CVE-2016-9917,207
CVE-2016-9918,207
CVE-2019-19948,206
CVE-2023-26049,205
CVE-2015-9019,205
CVE-2023-1075,204
CVE-2007-2243,204
CVE-2007-2768,204
CVE-2008-3234,204
CVE-2020-14145,204
CVE-2020-15778,204
CVE-2010-4651,200
CVE-2020-35457,200
CVE-2021-43396,200
CVE-2022-0158,199
CVE-2017-7607,198
CVE-2017-7608,198
CVE-2017-7609,198
CVE-2017-7610,198
CVE-2017-7611,198
CVE-2017-7612,198
CVE-2017-7613,198
CVE-2023-30772,196
CVE-2016-3189,196
CVE-2018-0734,195
CVE-2021-20251,194
CVE-2022-1615,194
CVE-2017-0537,194
CVE-2018-12929,194
CVE-2018-12930,194
CVE-2018-12931,194
CVE-2019-14899,194
CVE-2019-19814,194
CVE-2023-37920,193
CVE-2017-13165,192
CVE-2019-15213,192
CVE-2023-1989,191
GHSA-v8gr-m533-ghj9,190
CVE-2023-4133,190
CVE-2021-3928,189
CVE-2021-3968,189
CVE-2021-4136,189
CVE-2022-0213,189
CVE-2022-2982,189
CVE-2022-28653,189
CVE-2014-4043,187
CVE-2015-8982,187
CVE-2015-8984,187
CVE-2015-8985,187
CVE-2018-8740,186
CVE-2022-3903,186
CVE-2021-22925,186
CVE-2019-2708,186
CVE-2022-45919,185
CVE-2022-41850,184
CVE-2016-3706,183
CVE-2022-45887,182
CVE-2023-1118,182
CVE-2023-21937,181
CVE-2023-21938,181
CVE-2023-21968,181
CVE-2016-8616,180
CVE-2016-8621,180
GHSA-jm77-qphf-c4w8,180
CVE-2021-3984,180
CVE-2021-4192,180
CVE-2022-0156,180
CVE-2022-0319,180
CVE-2022-0368,180
CVE-2022-0393,180
CVE-2022-0407,180
CVE-2022-0408,180
CVE-2022-0413,180
CVE-2022-0554,180
CVE-2022-0629,180
CVE-2022-0685,180
CVE-2022-0714,180
CVE-2022-0943,180
CVE-2022-1420,180
CVE-2022-1621,180
CVE-2022-1851,180
CVE-2022-1968,180
CVE-2021-38204,180
CVE-2022-4662,180
CVE-2023-4156,180
CVE-2023-32636,180
CVE-2021-3178,179
CVE-2018-20225,178
CVE-2019-12900,178
CVE-2023-29499,178
CVE-2023-32611,178
CVE-2023-32665,178
CVE-2023-0045,176
CVE-2022-24448,174
CVE-2017-9814,174
CVE-2022-3996,174
CVE-2019-13057,173
CVE-2019-19054,173
CVE-2022-41218,173
GHSA-qq97-vm5h-rrhg,173
CVE-2022-32743,173
CVE-2020-17541,172
CVE-2016-4429,171
CVE-2023-37769,171
CVE-2023-26607,171
GHSA-5cpq-8wj7-hf2v,170
CVE-2022-41849,170
CVE-2014-3591,170
CVE-2015-0837,170
CVE-2022-1586,168
CVE-2022-1587,168
CVE-2018-5407,167
CVE-2022-39842,167
CVE-2017-7244,167
CVE-2013-7422,166
CVE-2016-1234,164
CVE-2016-6323,164
CVE-2017-6519,164
CVE-2021-36368,164
CVE-2023-24607,164
CVE-2018-8945,162
CVE-2016-0755,162
CVE-2016-8623,162
CVE-2016-1938,162
CVE-2018-11813,161
CVE-2019-11360,161
CVE-2023-4641,161
CVE-2018-16429,160
CVE-2012-6655,160
CVE-2022-32296,159
CVE-2022-32981,159
GHSA-58qw-p7qm-5rvh,159
CVE-2018-19358,159
CVE-2022-33981,158
CVE-2022-3565,158
CVE-2022-3594,158
CVE-2022-3621,158
CVE-2019-19057,157
CVE-2021-3669,157
CVE-2022-21619,156
CVE-2022-21624,156
CVE-2018-16869,156
CVE-2022-3635,156
CVE-2012-1096,156
CVE-2018-20483,156
CVE-2020-9770,155
CVE-2016-1000002,154
CVE-2020-27837,154
CVE-2016-7942,153
CVE-2023-22006,153
CVE-2023-3576,153
CVE-2023-31083,153
CVE-2014-8166,152
CVE-2022-3521,152
CVE-2019-19061,152
CVE-2018-0737,151
CVE-2017-6512,151
CVE-2023-35829,151
CVE-2022-36227,150
CVE-2016-8622,150
CVE-2022-45888,149
CVE-2020-20451,149
CVE-2016-10505,149
CVE-2016-10506,149
CVE-2022-1974,148
CVE-2022-1729,146
CVE-2016-9113,146
CVE-2016-9114,146
CVE-2016-9115,146
CVE-2016-9116,146
CVE-2016-9117,146
CVE-2016-9580,146
CVE-2016-9581,146
CVE-2017-17479,146
CVE-2018-16375,146
CVE-2018-16376,146
CVE-2018-20846,146
CVE-2019-3823,145
CVE-2020-14390,145
CVE-2019-9937,145
CVE-2020-20445,145
CVE-2020-20446,145
CVE-2020-20453,145
CVE-2019-8905,144
GHSA-77vh-xpmg-72qh,143
CVE-2023-4132,143
CVE-2016-6153,143
CVE-2017-10989,143
CVE-2017-13685,143
CVE-2023-22036,142
CVE-2022-3629,142
CVE-2023-25809,142
CVE-2018-16403,141
CVE-2019-18806,140
CVE-2019-19073,140
CVE-2019-19074,140
CVE-2022-0494,140
CVE-2022-1975,140
CVE-2019-19533,139
CVE-2018-13095,139
CVE-2021-3997,139
CVE-2019-1348,138
CVE-2021-26930,138
CVE-2021-26931,138
CVE-2022-1195,138
CVE-2017-11109,137
CVE-2020-25669,137
CVE-2020-29568,137
CVE-2020-29569,137
CVE-2017-9217,137
CVE-2020-27820,136
CVE-2021-3772,135
CVE-2022-1198,135
CVE-2022-2380,135
CVE-2022-28356,135
CVE-2022-3202,135
CVE-2023-3212,135
CVE-2019-19063,134
CVE-2023-22025,134
CVE-2021-41617,134
CVE-2017-11695,133
CVE-2017-11696,133
CVE-2017-11697,133
CVE-2017-11698,133
CVE-2021-3236,133
CVE-2017-17087,133
CVE-2017-8834,132
CVE-2017-8871,132
CVE-2016-5417,132
CVE-2021-3200,131
CVE-2016-6185,131
CVE-2017-5953,131
CVE-2017-6350,131
CVE-2018-0732,130
CVE-2021-45960,130
CVE-2018-16866,129
CVE-2023-33288,129
CVE-2021-3655,128
CVE-2021-45486,128
CVE-2021-33560,128
CVE-2020-29374,127
CVE-2017-10790,127
CVE-2018-10322,127
CVE-2020-25656,127
CVE-2020-27675,127
CVE-2020-35508,127
CVE-2021-3737,127
CVE-2017-14128,126
CVE-2017-14129,126
CVE-2017-14130,126
CVE-2017-14930,126
CVE-2017-14932,126
CVE-2017-14933,126
CVE-2017-14934,126
CVE-2017-14938,126
CVE-2017-14939,126
CVE-2017-14940,126
CVE-2017-15020,126
CVE-2017-15021,126
CVE-2017-15022,126
CVE-2017-15023,126
CVE-2017-15024,126
CVE-2017-15025,126
CVE-2017-15225,126
CVE-2017-15938,126
CVE-2017-15996,126
CVE-2017-16826,126
CVE-2017-16827,126
CVE-2017-16828,126
CVE-2017-16829,126
CVE-2017-16830,126
CVE-2017-16831,126
CVE-2017-16832,126
CVE-2017-17080,126
CVE-2017-17121,126
CVE-2017-17122,126
CVE-2017-17123,126
CVE-2017-17124,126
CVE-2017-17125,126
CVE-2017-17126,126
CVE-2017-9038,126
CVE-2017-9039,126
CVE-2017-9040,126
CVE-2017-9041,126
CVE-2017-9042,126
CVE-2017-9043,126
CVE-2017-9044,126
CVE-2017-9742,126
CVE-2017-9743,126
CVE-2017-9744,126
CVE-2017-9745,126
CVE-2017-9746,126
CVE-2017-9747,126
CVE-2017-9748,126
CVE-2017-9749,126
CVE-2017-9750,126
CVE-2017-9751,126
CVE-2017-9752,126
CVE-2017-9753,126
CVE-2017-9754,126
CVE-2017-9755,126
CVE-2017-9756,126
CVE-2021-23239,126
CVE-2020-14351,126
CVE-2023-5752,125
CVE-2017-15232,125
CVE-2020-25285,124
CVE-2021-28711,124
CVE-2021-28712,124
CVE-2021-28713,124
CVE-2021-43976,124
CVE-2022-0617,124
CVE-2022-24959,124
CVE-2022-27223,124
CVE-2018-20406,124
CVE-2022-39399,123
CVE-2019-19448,123
CVE-2022-1785,123
CVE-2023-36479,123
CVE-2017-5969,123
CVE-2017-8872,123
CVE-2017-9048,123
CVE-2019-7149,122
CVE-2023-23914,122
CVE-2023-23915,122
CVE-2022-20132,121
CVE-2020-12825,121
CVE-2019-19534,120
CVE-2019-19947,120
CVE-2019-20810,120
CVE-2019-9445,120
CVE-2020-10732,120
CVE-2020-12771,120
CVE-2020-13974,120
CVE-2020-15393,120
CVE-2020-15437,120
CVE-2021-41864,120
CVE-2021-43389,120
CVE-2016-8610,119
CVE-2020-2756,119
CVE-2020-2757,119
CVE-2019-18808,119
CVE-2019-19067,119
CVE-2023-23931,119
CVE-2021-21240,119
CVE-2019-19083,119
CVE-2018-10196,119
CVE-2021-38209,118
CVE-2016-6318,118
CVE-2020-2754,117
CVE-2020-2755,117
CVE-2016-6349,117
CVE-2016-7943,116
CVE-2021-40812,116
CVE-2023-31084,116
CVE-2014-3636,115
CVE-2014-3637,115
CVE-2014-3638,115
CVE-2014-3639,115
CVE-2020-35521,113
CVE-2020-35522,113
CVE-2021-37159,113
CVE-2021-3744,113
CVE-2023-1855,113
CVE-2021-34428,112
CVE-2020-14577,112
CVE-2023-1611,112
CVE-2023-1990,112
CVE-2023-2124,112
CVE-2023-33203,112
CVE-2016-9840,112
CVE-2016-9841,112
CVE-2016-9842,112
CVE-2016-9843,112
CVE-2020-24586,111
CVE-2020-24587,111
CVE-2020-24588,111
CVE-2018-20669,111
CVE-2022-3114,111
CVE-2023-6039,111
GHSA-5j5w-g665-5m35,110
CVE-2007-3476,110
CVE-2007-3477,110
CVE-2007-3996,110
CVE-2009-3546,110
TEMP-0601525-BEBB65,110
CVE-2021-3923,110
CVE-2015-0245,110
CVE-2021-29338,109
CVE-2020-10781,108
CVE-2021-20317,108
CVE-2021-42008,108
CVE-2019-19449,107
CVE-2021-3679,107
CVE-2021-3802,107
CVE-2015-1572,107
CVE-2015-8865,106
CVE-2021-28688,106
CVE-2021-29647,106
CVE-2021-34693,106
CVE-2020-2773,105
CVE-2021-3428,105
CVE-2023-28772,105
CVE-2020-35525,105
CVE-2021-25804,105
CVE-2017-3735,104
CVE-2020-27830,104
CVE-2020-28941,104
CVE-2021-3575,104
CVE-2017-14988,103
CVE-2021-26945,103
CVE-2021-21781,102
CVE-2018-10360,102
CVE-2023-39742,102
CVE-2021-20292,102
CVE-2017-3738,101
CVE-2020-23922,101
CVE-2018-12641,101
CVE-2022-2991,101
CVE-2015-5700,101
CVE-2015-5701,101
CVE-2018-14048,100
CVE-2018-14550,100
CVE-2020-8912,100
CVE-2023-2650,100
CVE-2022-48554,99
CVE-2019-13565,98
CVE-2019-8842,98
CVE-2020-14581,98
CVE-2019-2201,98
CVE-2019-1549,97
CVE-2014-4330,96
CVE-2019-10142,95
CVE-2015-8382,95
CVE-2015-8386,95
CVE-2020-14779,95
CVE-2020-14796,95
CVE-2019-20218,95
CVE-2018-13033,95
CVE-2022-47518,95
CVE-2022-47519,95
CVE-2019-12614,94
CVE-2023-28531,94
CVE-2020-0423,93
CVE-2019-12615,93
CVE-2019-19064,93
CVE-2021-0929,93
CVE-2023-30630,92
CVE-2020-17507,92
CVE-2017-6311,92
CVE-2021-28153,92
CVE-2017-9261,92
CVE-2017-9262,92
CVE-2017-9405,92
CVE-2017-9407,92
CVE-2017-9409,92
CVE-2019-19066,91
CVE-2019-19770,91
CVE-2018-10373,91
CVE-2018-10535,91
CVE-2022-0351,91
CVE-2023-0054,91
CVE-2023-1127,91
CVE-2023-1175,91
CVE-2023-2610,91
CVE-2023-5344,91
CVE-2020-36309,91
CVE-2021-3618,91
CVE-2015-2059,90
CVE-2015-8948,90
CVE-2021-40633,90
CVE-2022-28506,90
CVE-2023-48161,90
CVE-2019-2786,90
CVE-2019-19056,90
CVE-2019-19813,90
CVE-2019-19816,90
CVE-2020-10711,90
CVE-2020-10751,90
CVE-2020-12652,90
CVE-2020-12770,90
CVE-2020-13143,90
CVE-2016-7091,90
CVE-2019-15291,89
CVE-2020-2583,88
CVE-2021-4156,88
CVE-2019-18885,88
CVE-2019-13012,88
CVE-2019-0146,87
CVE-2019-20807,87
CVE-2019-13232,86
CVE-2018-10372,86
CVE-2018-10534,86
CVE-2021-35331,86
CVE-2022-2520,86
CVE-2022-2521,86
CVE-2015-1606,86
CVE-2015-1607,86
CVE-2018-16428,85
CVE-2018-20843,85
CVE-2014-9471,85
CVE-2015-4041,85
CVE-2015-4042,85
CVE-2020-16166,84
CVE-2020-29371,84
CVE-2022-3424,84
CVE-2019-15217,84
CVE-2017-2870,84
CVE-2018-13053,83
CVE-2014-9620,83
CVE-2019-16905,83
CVE-2020-12062,83
CVE-2017-7210,83
CVE-2017-7614,83
CVE-2016-9063,83
CVE-2016-4984,83
CVE-2017-18258,82
CVE-2019-9924,82
CVE-2016-6261,82
CVE-2016-6262,82
CVE-2016-6263,82
CVE-2017-14062,82
CVE-2017-15286,82
CVE-2022-21443,81
CVE-2019-16168,81
CVE-2019-5827,81
CVE-2022-41862,81
CVE-2021-35603,80
CVE-2014-3564,80
CVE-2017-6891,80
CVE-2020-12363,79
CVE-2020-12364,79
CVE-2021-34981,79
CVE-2021-39801,79
CVE-2021-44879,79
CVE-2022-0854,79
CVE-2019-2842,78
CVE-2019-2945,78
CVE-2019-2962,78
CVE-2019-2964,78
CVE-2019-2973,78
CVE-2019-2981,78
CVE-2019-2983,78
CVE-2019-2987,78
CVE-2019-2988,78
CVE-2019-2992,78
CVE-2020-2659,78
CVE-2021-44269,78
CVE-2022-27775,78
CVE-2018-11233,76
CVE-2019-17052,76
CVE-2019-17053,76
CVE-2019-17054,76
CVE-2019-17055,76
CVE-2019-17056,76
CVE-2019-3843,76
CVE-2019-3844,76
CVE-2022-2519,76
CVE-2022-2953,76
CVE-2018-3066,76
CVE-2020-14578,75
CVE-2020-14579,75
CVE-2020-14781,75
CVE-2020-14782,75
CVE-2020-14797,75
CVE-2020-14798,75
CVE-2023-23934,74
CVE-2017-15131,74
CVE-2020-2590,74
CVE-2020-2654,74
CVE-2020-24977,74
CVE-2023-1670,73
CVE-2022-4743,72
CVE-2023-1079,72
CVE-2023-25012,72
CVE-2016-1585,72
CVE-2019-9936,72
CVE-2017-1000101,71
CVE-2019-19039,71
CVE-2020-0009,71
CVE-2020-8992,71
CVE-2020-9383,71
SUSE-SU-2023:4024-1,70
CVE-2019-19051,70
CVE-2019-19068,70
CVE-2019-9455,69
CVE-2020-0432,69
CVE-2008-1687,69
CVE-2008-1688,69
CVE-2018-1000879,69
CVE-2018-1000880,69
CVE-2020-21674,69
CVE-2018-2767,69
CVE-2022-21248,68
CVE-2019-18683,68
CVE-2019-19227,68
CVE-2019-19447,68
CVE-2021-24032,68
GHSA-xg2h-wx96-xgxr,68
CVE-2017-6349,68
CVE-2011-0761,68
CVE-2018-6913,68
CVE-2017-7869,67
CVE-2021-2341,67
CVE-2021-40145,67
CVE-2018-3979,67
CVE-2019-7150,67
CVE-2019-7665,67
CVE-2019-8906,67
CVE-2023-22044,66
CVE-2022-27405,66
CVE-2022-27406,66
CVE-2018-16062,66
CVE-2018-18310,66
CVE-2018-18520,66
CVE-2018-18521,66
CVE-2018-6872,66
CVE-2017-15298,66
CVE-2019-2422,65
CVE-2020-14152,65
CVE-2015-1197,64
CVE-2022-3633,64
CVE-2019-2894,64
CVE-2019-2978,64
CVE-2020-20450,64
CVE-2017-12618,63
CVE-2019-3701,63
CVE-2022-0530,63
CVE-2022-2288,63
CVE-2022-2580,63
CVE-2019-11884,61
CVE-2019-13117,61
CVE-2019-13118,61
CVE-2016-0634,61
CVE-2017-2518,61
CVE-2017-2519,61
CVE-2017-2520,61
CVE-2015-8538,61
CVE-2019-19232,60
CVE-2019-19234,60
CVE-2021-23240,60
CVE-2019-16089,60
GHSA-xgh6-85xh-479p,60
CVE-2023-24056,60
CVE-2013-5661,59
CVE-2016-6170,59
CVE-2014-9939,59
CVE-2017-12449,59
CVE-2017-12451,59
CVE-2017-12452,59
CVE-2017-12453,59
CVE-2017-12454,59
CVE-2017-12455,59
CVE-2017-12456,59
CVE-2017-12457,59
CVE-2017-12458,59
CVE-2017-12799,59
CVE-2017-12967,59
CVE-2017-13710,59
CVE-2017-13757,59
CVE-2017-14529,59
CVE-2017-14729,59
CVE-2017-14745,59
CVE-2017-14974,59
CVE-2017-15939,59
CVE-2017-6969,59
CVE-2017-7209,59
CVE-2017-7223,59
CVE-2017-7224,59
CVE-2017-7225,59
CVE-2017-7226,59
CVE-2017-7227,59
CVE-2017-7299,59
CVE-2017-7300,59
CVE-2017-7301,59
CVE-2017-7302,59
CVE-2017-7303,59
CVE-2017-7304,59
CVE-2017-8392,59
CVE-2017-8393,59
CVE-2017-8394,59
CVE-2017-8395,59
CVE-2017-8396,59
CVE-2017-8397,59
CVE-2017-8398,59
CVE-2017-8421,59
CVE-2017-9954,59
CVE-2017-9955,59
CVE-2018-6323,59
CVE-2018-6759,59
CVE-2016-2037,59
CVE-2018-1123,59
CVE-2018-1125,59
CVE-2015-8777,58
CVE-2020-36148,58
CVE-2020-36149,58
SUSE-SU-2023:3472-1,58
CVE-2023-26965,58
CVE-2022-4382,58
CVE-2017-16644,58
CVE-2022-40898,57
CVE-2019-19036,57
CVE-2019-19377,57
CVE-2021-30474,57
CVE-2020-11078,57
CVE-2023-3316,57
CVE-2021-33503,57
CVE-2019-6109,57
CVE-2019-19046,56
CVE-2019-15218,56
CVE-2019-15219,56
CVE-2019-20907,56
CVE-2019-2766,56
CVE-2022-0987,56
CVE-2018-16402,55
CVE-2019-0053,54
CVE-2013-0337,54
CVE-2016-3075,54
CVE-2018-12384,54
CVE-2022-1882,54
CVE-2020-22038,54
CVE-2019-19049,53
CVE-2020-10001,53
CVE-2019-15221,53
SUSE-SU-2022:1455-2,53
CVE-2023-22745,53
CVE-2015-1350,53
CVE-2019-9233,52
CVE-2021-25743,52
CVE-2016-4973,52
CVE-2018-5727,51
CVE-2022-2868,51
CVE-2019-19058,51
CVE-2021-37519,51
CVE-2019-19060,51
CVE-2019-20811,51
SUSE-SU-2021:3830-1,51
CVE-2023-2898,51
CVE-2022-4055,51
CVE-2018-20845,51
CVE-2019-1354,51
CVE-2019-15903,51
CVE-2016-9401,50
CVE-2023-25434,50
CVE-2023-25435,50
CVE-2019-19082,50
CVE-2018-14498,50
CVE-2023-2235,50
CVE-2017-9083,50
TEMP-0772585-D41D8C,50
CVE-2018-3728,49
CVE-2019-19956,49
CVE-2020-7595,49
CVE-2016-8886,49
CVE-2018-19139,49
CVE-2019-7664,49
CVE-2016-2774,48
CVE-2017-3144,48
CVE-2014-8121,48
CVE-2018-7648,48
CVE-2019-5436,48
CVE-2019-19246,48
CVE-2016-10371,47
CVE-2018-13093,47
CVE-2018-16889,47
CVE-2017-11473,46
CVE-2016-10087,46
CVE-2022-3553,46
CVE-2017-5967,46
CVE-2018-3721,45
CVE-2022-22747,45
CVE-2022-2309,45
SUSE-SU-2022:1455-1,45
CVE-2018-15473,44
CVE-2019-19052,44
CVE-2019-19319,44
CVE-2019-19524,44
SUSE-SU-2021:0974-1,44
CVE-2023-3159,44
CVE-2016-3139,44
SUSE-SU-2022:4081-1,44
CVE-2018-1152,43
CVE-2015-8853,43
CVE-2019-17075,43
CVE-2019-19037,43
CVE-2019-19523,43
CVE-2019-19525,43
CVE-2019-19528,43
CVE-2019-19532,43
CVE-2018-1000035,43
CVE-2016-7444,43
SUSE-SU-2020:1842-1,42
CVE-2018-14612,42
CVE-2018-14613,42
CVE-2019-15505,42
CVE-2019-19527,42
CVE-2019-19530,42
CVE-2019-19531,42
CVE-2019-19535,42
CVE-2019-19536,42
CVE-2019-19537,42
CVE-2019-9453,42
CVE-2021-0938,42
CVE-2016-7055,42
CVE-2022-0897,42
CVE-2018-12886,42
CVE-2022-2867,41
CVE-2022-2869,41
CVE-2023-30086,41
CVE-2018-19985,41
CVE-2019-15220,41
CVE-2019-17351,41
CVE-2016-9180,41
CVE-2013-4472,41
CVE-2017-2814,41
CVE-2017-2818,41
CVE-2017-2820,41
CVE-2022-24106,41
CVE-2016-7949,41
CVE-2016-7950,41
CVE-2018-14553,40
CVE-2019-11038,40
CVE-2016-7167,40
SUSE-SU-2023:4027-1,40
CVE-2019-2933,40
CVE-2019-1349,40
CVE-2019-1387,40
CVE-2018-10323,40
CVE-2020-15709,40
CVE-2010-2198,40
CVE-2010-2199,40
CVE-2017-7500,40
CVE-2017-7501,40
CVE-2021-20241,39
CVE-2021-20243,39
CVE-2021-20244,39
CVE-2021-20246,39
CVE-2021-20309,39
CVE-2021-20312,39
CVE-2021-20313,39
CVE-2017-2626,39
CVE-2019-11487,39
CVE-2019-13631,39
CVE-2019-15211,39
CVE-2019-15215,39
CVE-2018-18443,39
CVE-2021-20304,39
CVE-2020-0182,39
CVE-2014-9402,39
CVE-2009-5147,39
CVE-2015-7551,39
CVE-2015-9096,39
CVE-2019-16254,39
CVE-2018-14598,38
CVE-2018-14599,38
CVE-2018-14600,38
CVE-2016-7141,38
CVE-2019-20806,38
GHSA-g54h-m393-cpwq,38
CVE-2018-14609,38
CVE-2019-19203,38
CVE-2020-14394,38
CVE-2021-3735,38
CVE-2022-3238,37
CVE-2023-39191,37
CVE-2017-18255,37
CVE-2022-2056,37
CVE-2022-2057,37
CVE-2022-2058,37
CVE-2020-25648,37
CVE-2017-9526,37
CVE-2019-5068,37
CVE-2019-2426,37
CVE-2018-13988,37
CVE-2019-12067,37
CVE-2020-24352,37
CVE-2020-25741,37
CVE-2020-25742,37
CVE-2020-25743,37
CVE-2015-5237,37
CVE-2020-36325,36
CVE-2018-6412,36
CVE-2019-18786,36
CVE-2019-18809,36
CVE-2019-19071,36
CVE-2019-19078,36
CVE-2019-19767,36
CVE-2022-3115,36
CVE-2018-10767,36
CVE-2019-13224,36
CVE-2019-13225,36
CVE-2019-16163,36
CVE-2019-19012,36
CVE-2019-19204,36
CVE-2020-13791,36
CVE-2020-35503,36
CVE-2021-3611,36
CVE-2023-1386,36
CVE-2023-2861,36
CVE-2023-3255,36
CVE-2023-3354,36
CVE-2023-4039,36
CVE-2017-16645,35
CVE-2013-2207,35
CVE-2016-10708,35
CVE-2017-6508,35
CVE-2019-11486,35
CVE-2019-11810,35
CVE-2019-15212,35
CVE-2019-15214,35
CVE-2019-15216,35
CVE-2019-15292,35
CVE-2019-16995,35
CVE-2019-18805,35
CVE-2019-19966,35
CVE-2021-25740,35
CVE-2017-9113,35
CVE-2017-18267,35
CVE-2018-10733,35
CVE-2018-10768,35
CVE-2019-11023,35
CVE-2018-2952,34
CVE-2021-35588,34
CVE-2022-22844,34
CVE-2019-3882,34
CVE-2020-8562,34
CVE-2018-13410,34
CVE-2018-16842,34
CVE-2009-4487,34
CVE-2023-44487,34
CVE-2017-16532,34
CVE-2017-16536,34
CVE-2017-16537,34
CVE-2017-16538,34
CVE-2017-16649,34
CVE-2017-16650,34
CVE-2020-15168,33
CVE-2013-7041,33
CVE-2018-19824,33
CVE-2018-20786,33
CVE-2019-6293,33
CVE-2020-0429,33
CVE-2014-9913,33
CVE-2016-9844,33
CVE-2018-0735,33
CVE-2021-29510,33
CVE-2018-20836,32
CVE-2018-9516,32
CVE-2020-14331,32
CVE-2020-36766,32
GHSA-g98v-hv3f-hcfr,32
CVE-2018-14618,32
CVE-2017-16643,32
CVE-2016-2183,31
CVE-2017-18869,31
CVE-2019-1543,31
CVE-2018-14404,31
GHSA-2mj8-pj3j-h362,31
GHSA-gqf6-75v8-vr26,31
GHSA-v45m-2wcp-gg98,31
CVE-2016-10906,31
CVE-2019-11190,31
CVE-2015-5180,31
CVE-2017-12132,31
CVE-2016-5011,31
CVE-2017-16526,31
CVE-2017-16529,31
CVE-2017-16531,31
CVE-2017-16533,31
CVE-2017-16535,31
CVE-2017-8831,31
CVE-2018-9465,30
CVE-2014-9653,30
CVE-2016-9318,30
CVE-2018-3136,30
CVE-2018-3139,30
CVE-2020-9488,30
CVE-2023-49080,30
CVE-2021-44568,30
CVE-2017-0627,30
CVE-2018-0733,29
CVE-2015-1781,29
CVE-2015-8776,29
CVE-2015-8778,29
CVE-2015-8779,29
CVE-2018-10883,29
CVE-2018-13097,29
CVE-2018-13099,29
CVE-2018-13100,29
CVE-2018-14610,29
CVE-2018-14611,29
CVE-2018-14614,29
CVE-2018-14616,29
CVE-2018-5848,29
CVE-2019-3819,29
CVE-2020-14573,29
GHSA-5rrq-pxf6-6jx5,29
GHSA-gf8q-jrpm-jvxq,29
CVE-2017-3653,29
CVE-2017-16646,29
CVE-2018-6914,29
CVE-2019-16161,29
CVE-2014-9621,28
CVE-2014-2583,28
CVE-2015-3238,28
CVE-2016-10011,28
CVE-2016-10012,28
CVE-2018-16862,28
CVE-2018-20169,28
CVE-2019-2024,28
CVE-2020-20703,28
CVE-2023-4738,28
CVE-2023-4752,28
CVE-2023-4781,28
CVE-2018-20847,28
CVE-2018-16301,28
CVE-2016-8734,28
CVE-2017-17942,28
CVE-2020-2778,28
CVE-2017-7261,28
CVE-2017-9605,28
CVE-2015-9262,28
CVE-2020-21913,27
CVE-2022-0561,27
CVE-2022-0562,27
SUSE-SU-2022:3004-1,27
CVE-2019-18934,27
CVE-2019-25031,27
CVE-2019-25032,27
CVE-2019-25033,27
CVE-2019-25034,27
CVE-2019-25035,27
CVE-2019-25036,27
CVE-2019-25037,27
CVE-2019-25038,27
CVE-2019-25039,27
CVE-2019-25040,27
CVE-2019-25041,27
CVE-2019-25042,27
CVE-2020-8037,27
GHSA-vp35-85q5-9f25,27
CVE-2017-5549,27
CVE-2018-12896,27
CVE-2023-1289,27
CVE-2018-20679,26
CVE-2022-1734,26
CVE-2022-0529,26
NSWG-ECO-375,26
CVE-2021-25317,26
CVE-2019-1010220,26
CVE-2021-28163,26
CVE-2022-1350,26
CVE-2023-38560,26
CVE-2021-3634,26
CVE-2020-16121,26
CVE-2016-8405,26
CVE-2017-16534,26
CVE-2018-13094,26
CVE-2014-1693,26
CVE-2015-2774,26
CVE-2017-15906,25
CVE-2017-14051,25
CVE-2011-5325,25
CVE-2016-2147,25
CVE-2016-2148,25
CVE-2017-15873,25
CVE-2019-6111,25
CVE-2019-9704,25
CVE-2018-10877,25
CVE-2018-13096,25
CVE-2018-14617,25
CVE-2018-20511,25
CVE-2019-19065,25
CVE-2023-42114,25
CVE-2023-42119,25
CVE-2021-20231,25
CVE-2021-20232,25
CVE-2017-12613,25
CVE-2018-19519,25
CVE-2021-42523,25
CVE-2018-5710,25
CVE-2018-10881,25
CVE-2018-10879,24
CVE-2016-6131,24
CVE-2014-9717,24
CVE-2015-8952,24
CVE-2021-4048,24
CVE-2017-16808,24
CVE-2018-14879,24
CVE-2022-40735,23
CVE-2015-6563,23
CVE-2018-1000520,23
CVE-2014-9745,23
CVE-2014-9746,23
CVE-2014-9747,23
CVE-2018-6942,23
CVE-2022-27337,23
CVE-2016-7946,23
CVE-2018-5745,23
CVE-2019-6465,23
CVE-2014-9488,23
CVE-2022-3344,23
CVE-2023-37454,23
CVE-2023-6121,23
CVE-2017-12172,23
CVE-2017-16525,23
CVE-2018-6554,23
CVE-2019-9456,23
CVE-2017-9147,23
CVE-2020-7068,23
CVE-2017-13216,22
CVE-2018-18386,22
CVE-2014-9092,22
CVE-2018-19210,22
CVE-2019-6128,22
CVE-2019-20388,22
CVE-2018-10880,22
CVE-2021-0561,22
CVE-2020-15890,22
CVE-2015-8540,22
CVE-2017-11108,22
CVE-2017-11541,22
CVE-2017-11542,22
CVE-2017-12893,22
CVE-2017-12894,22
CVE-2017-12895,22
CVE-2017-12896,22
CVE-2017-12897,22
CVE-2017-12898,22
CVE-2017-12899,22
CVE-2017-12900,22
CVE-2017-12901,22
CVE-2017-12902,22
CVE-2017-12985,22
CVE-2017-12986,22
CVE-2017-12987,22
CVE-2017-12988,22
CVE-2017-12989,22
CVE-2017-12990,22
CVE-2017-12991,22
CVE-2017-12992,22
CVE-2017-12993,22
CVE-2017-12994,22
CVE-2017-12995,22
CVE-2017-12996,22
CVE-2017-12997,22
CVE-2017-12998,22
CVE-2017-12999,22
CVE-2017-13000,22
CVE-2017-13001,22
CVE-2017-13002,22
CVE-2017-13003,22
CVE-2017-13004,22
CVE-2017-13005,22
CVE-2017-13006,22
CVE-2017-13007,22
CVE-2017-13008,22
CVE-2017-13009,22
CVE-2017-13010,22
CVE-2017-13012,22
CVE-2017-13013,22
CVE-2017-13014,22
CVE-2017-13015,22
CVE-2017-13016,22
CVE-2017-13017,22
CVE-2017-13018,22
CVE-2017-13019,22
CVE-2017-13020,22
CVE-2017-13021,22
CVE-2017-13022,22
CVE-2017-13023,22
CVE-2017-13024,22
CVE-2017-13025,22
CVE-2017-13026,22
CVE-2017-13027,22
CVE-2017-13028,22
CVE-2017-13029,22
CVE-2017-13030,22
CVE-2017-13031,22
CVE-2017-13032,22
CVE-2017-13033,22
CVE-2017-13034,22
CVE-2017-13035,22
CVE-2017-13036,22
CVE-2017-13037,22
CVE-2017-13038,22
CVE-2017-13039,22
CVE-2017-13040,22
CVE-2017-13041,22
CVE-2017-13042,22
CVE-2017-13043,22
CVE-2017-13044,22
CVE-2017-13045,22
CVE-2017-13046,22
CVE-2017-13047,22
CVE-2017-13048,22
CVE-2017-13050,22
CVE-2017-13051,22
CVE-2017-13052,22
CVE-2017-13053,22
CVE-2017-13054,22
CVE-2017-13055,22
CVE-2017-13687,22
CVE-2017-13688,22
CVE-2017-13689,22
CVE-2017-13690,22
CVE-2017-13725,22
CVE-2017-14166,22
CVE-2017-14501,22
CVE-2016-4580,22
CVE-2020-26146,22
CVE-2016-10713,22
CVE-2018-7755,22
CVE-2016-2177,21
CVE-2017-16932,21
CVE-2020-0499,21
CVE-2021-46822,21
CVE-2018-12713,21
CVE-2016-3066,21
CVE-2018-14567,21
CVE-2019-19965,21
CVE-2020-11609,21
CVE-2021-38198,21
CVE-2019-2818,21
CVE-2015-5257,21
CVE-2015-5697,21
CVE-2015-7515,21
CVE-2015-7799,21
CVE-2016-2184,21
CVE-2016-2185,21
CVE-2016-2186,21
CVE-2016-2187,21
CVE-2016-2188,21
CVE-2016-3138,21
CVE-2016-3140,21
CVE-2016-3951,21
CVE-2016-4486,21
CVE-2017-5897,21
CVE-2018-1000075,21
CVE-2019-8322,21
CVE-2019-8323,21
CVE-2019-8325,21
CVE-2016-2180,20
GHSA-4fx9-vc88-q2xc,20
CVE-2022-21515,20
CVE-2018-10876,20
CVE-2018-10878,20
CVE-2018-10882,20
CVE-2021-45942,20
CVE-2018-10910,20
CVE-2020-3898,20
CVE-2016-5420,20
CVE-2017-11671,20
CVE-2020-16135,20
CVE-2014-0131,20
CVE-2014-9731,20
CVE-2015-1142857,20
CVE-2015-1420,20
CVE-2015-6252,20
CVE-2015-7833,20
CVE-2015-8575,20
CVE-2015-8785,20
CVE-2015-8816,20
CVE-2015-8964,20
CVE-2016-0823,20
CVE-2016-2543,20
CVE-2016-2544,20
CVE-2016-2545,20
CVE-2016-2549,20
CVE-2016-4482,20
CVE-2016-4805,20
CVE-2016-6130,20
CVE-2016-7425,20
CVE-2016-9178,20
CVE-2017-1000365,20
CVE-2017-12153,20
CVE-2017-12762,20
CVE-2017-14140,20
CVE-2017-16527,20
CVE-2017-16647,20
CVE-2017-17450,20
CVE-2017-17741,20
CVE-2017-7273,20
CVE-2017-7346,20
CVE-2017-8924,20
CVE-2017-8925,20
CVE-2018-18710,20
CVE-2019-15921,20
CVE-2019-20096,20
CVE-2020-10773,20
CVE-2020-11608,20
CVE-2020-12655,20
CVE-2020-26147,20
CVE-2021-31916,20
CVE-2021-3635,20
CVE-2022-3105,20
CVE-2022-3106,20
CVE-2022-3108,20
CVE-2022-3303,20
CVE-2023-3111,20
CVE-2022-28739,20
CVE-2017-6312,20
CVE-2017-6314,20
CVE-2017-18241,20
CVE-2017-18249,20
CVE-2014-4616,20
CVE-2014-4650,20
CVE-2017-17807,19
CVE-2020-15184,19
CVE-2020-15185,19
CVE-2020-15186,19
CVE-2020-15187,19
CVE-2020-4053,19
CVE-2022-48502,19
GHSA-mc8h-8q98-g5hr,19
CVE-2016-5636,19
SUSE-SU-2023:4025-1,19
CVE-2017-16530,19
CVE-2017-6888,19
CVE-2018-1000204,19
CVE-2010-0015,19
CVE-2011-5320,19
CVE-2013-4788,19
CVE-2017-17790,19
CVE-2018-8779,19
CVE-2019-8321,19
CVE-2014-9645,18
CVE-2018-5711,18
CVE-2018-10779,18
CVE-2021-32765,18
CVE-2020-27841,18
CVE-2019-19075,18
CVE-2022-48424,18
CVE-2022-26520,18
CVE-2016-3619,18
CVE-2016-3620,18
CVE-2016-3621,18
CVE-2017-10810,18
CVE-2018-15853,18
CVE-2020-29599,18
CVE-2017-12432,18
CVE-2016-9933,17
CVE-2016-2178,17
CVE-2016-2179,17
CVE-2016-2181,17
CVE-2016-2182,17
CVE-2016-6302,17
CVE-2020-19131,17
CVE-2020-19144,17
CVE-2019-12761,17
CVE-2021-4135,17
CVE-2022-0998,17
CVE-2019-20795,17
CVE-2023-46122,17
CVE-2017-18248,17
CVE-2017-9614,17
CVE-2019-13960,17
CVE-2018-1000121,17
CVE-2018-5818,17
CVE-2018-5819,17
CVE-2019-2449,17
CVE-2017-1000371,17
CVE-2021-43566,17
CVE-2018-8087,17
CVE-2018-15854,17
CVE-2018-15855,17
CVE-2018-15856,17
CVE-2018-15859,17
CVE-2018-15861,17
CVE-2018-15862,17
CVE-2018-15863,17
CVE-2018-15864,17
CVE-2018-10021,17
CVE-2018-10124,17
CVE-2016-10266,16
CVE-2016-10267,16
CVE-2016-10268,16
CVE-2016-10269,16
CVE-2017-10688,16
CVE-2017-12944,16
CVE-2017-13726,16
CVE-2017-13727,16
CVE-2017-9403,16
CVE-2017-9404,16
CVE-2017-9815,16
CVE-2018-5784,16
CVE-2018-7185,16
CVE-2021-20296,16
CVE-2021-3598,16
CVE-2021-20320,16
CVE-2023-47233,16
CVE-2021-39920,16
CVE-2021-39928,16
CVE-2014-9474,16
CVE-2021-3572,16
CVE-2021-31810,16
CVE-2020-7020,16
CVE-2016-10197,16
CVE-2011-5094,16
CVE-2019-11026,16
CVE-2018-14851,16
CVE-2018-10938,16
CVE-2021-46667,16
CVE-2021-46669,16
CVE-2014-2667,16
CVE-2017-9984,15
CVE-2017-9985,15
CVE-2018-11212,15
CVE-2018-11213,15
CVE-2018-11214,15
CVE-2016-3622,15
CVE-2016-9273,15
CVE-2016-9297,15
CVE-2016-9532,15
CVE-2018-18661,15
CVE-2018-5360,15
CVE-2018-8905,15
CVE-2017-13720,15
CVE-2016-7098,15
CVE-2018-2790,15
CVE-2020-28018,15
CVE-2022-30067,15
CVE-2022-32990,15
CVE-2021-3760,15
CVE-2021-4202,15
CVE-2020-25084,15
CVE-2010-3879,15
CVE-2011-0541,15
CVE-2011-0542,15
CVE-2011-0543,15
CVE-2015-0294,15
CVE-2015-8874,15
CVE-2017-1000410,15
CVE-2022-28656,15
CVE-2014-5044,15
CVE-2014-5355,15
CVE-2018-1109,14
GHSA-g95f-p29q-9xw4,14
CVE-2016-10272,14
CVE-2018-7456,14
CVE-2021-22569,14
CVE-2021-22570,14
CVE-2022-1941,14
CVE-2019-2228,14
CVE-2022-36015,14
CVE-2022-36016,14
GHSA-cqvq-fvhr-v6hc,14
GHSA-xf83-q765-xm6m,14
CVE-2019-20079,14
CVE-2018-10111,14
CVE-2018-10112,14
CVE-2022-2232,14
CVE-2021-43307,14
CVE-2023-35075,14
CVE-2023-4105,14
CVE-2023-5159,14
CVE-2023-5193,14
CVE-2023-47641,14
CVE-2018-1113,14
CVE-2018-7273,14
CVE-2019-15807,14
CVE-2019-19080,14
CVE-2019-19081,14
CVE-2019-20095,14
CVE-2023-3358,14
GHSA-wxgw-qj99-44c2,14
CVE-2015-3243,14
CVE-2020-15106,14
CVE-2015-3291,14
CVE-2015-7566,14
CVE-2015-8569,14
CVE-2016-3136,14
CVE-2016-3137,14
CVE-2016-3689,14
CVE-2019-13164,14
CVE-2020-27617,14
CVE-2020-10933,14
CVE-2020-25613,14
CVE-2017-13695,14
CVE-2018-9385,14
CVE-2019-2999,14
CVE-2017-16611,14
CVE-2016-10209,14
CVE-2016-10349,14
CVE-2016-10350,14
CVE-2017-11472,14
CVE-2017-17558,14
CVE-2021-3941,13
CVE-2017-9525,13
CVE-2019-9705,13
CVE-2019-9706,13
CVE-2019-5435,13
CVE-2017-9778,13
CVE-2022-21517,13
CVE-2022-21522,13
CVE-2022-21525,13
CVE-2022-21526,13
CVE-2022-21529,13
CVE-2022-21530,13
CVE-2022-21531,13
CVE-2022-21534,13
CVE-2022-21537,13
CVE-2022-21538,13
CVE-2017-12652,13
CVE-2018-7208,13
CVE-2018-7568,13
CVE-2018-7569,13
CVE-2018-7642,13
CVE-2018-7643,13
CVE-2022-3606,13
CVE-2014-2038,13
CVE-2014-8181,13
CVE-2016-2782,13
CVE-2016-3695,13
CVE-2016-7916,13
CVE-2016-8658,13
CVE-2016-9756,13
CVE-2017-1000379,13
CVE-2017-15115,13
CVE-2018-1108,13
CVE-2019-15099,13
CVE-2019-15924,13
CVE-2020-29660,13
CVE-2021-3659,13
CVE-2018-19489,13
CVE-2019-12068,13
CVE-2019-20382,13
CVE-2019-9824,13
CVE-2020-13361,13
CVE-2020-13362,13
CVE-2020-13659,13
CVE-2020-29443,13
CVE-2016-4913,13
CVE-2019-16994,13
CVE-2019-19059,13
CVE-2019-19062,13
CVE-2020-10690,13
CVE-2020-10942,13
CVE-2018-5750,13
NSWG-ECO-408,13
CVE-2018-10963,12
CVE-2017-14528,12
CVE-2020-19667,12
CVE-2020-25665,12
CVE-2020-25674,12
CVE-2020-25676,12
CVE-2020-27750,12
CVE-2020-27760,12
CVE-2020-27762,12
CVE-2020-27766,12
CVE-2020-27770,12
CVE-2021-20176,12
CVE-2018-20505,12
CVE-2019-19045,12
CVE-2019-19526,12
CVE-2019-19529,12
CVE-2020-14150,12
GHSA-56x4-j7p9-fcf9,12
CVE-2019-3689,12
CVE-2016-3119,12
CVE-2016-3120,12
CVE-2023-39128,12
CVE-2023-39129,12
CVE-2023-39130,12
CVE-2020-24370,12
CVE-2019-12155,12
CVE-2019-14378,12
CVE-2019-15890,12
CVE-2020-13253,12
CVE-2020-15863,12
CVE-2020-25624,12
CVE-2020-25625,12
CVE-2020-15389,12
CVE-2016-9082,12
CVE-2018-16658,12
CVE-2018-16885,12
CVE-2019-0136,12
CVE-2010-1634,12
CVE-2010-2089,12
CVE-2010-3492,12
CVE-2020-1934,12
CVE-2022-28614,12
CVE-2006-4023,12
CVE-2010-4657,12
CVE-2011-0421,12
CVE-2012-2335,12
CVE-2013-6501,12
CVE-2014-3981,12
CVE-2014-9427,12
CVE-2015-3211,12
CVE-2015-4116,12
CVE-2015-4644,12
CVE-2015-6835,12
CVE-2015-6836,12
CVE-2015-6837,12
CVE-2015-6838,12
CVE-2015-8866,12
CVE-2015-8873,12
CVE-2015-8879,12
CVE-2016-10712,12
CVE-2016-2554,12
CVE-2016-3142,12
CVE-2016-4537,12
CVE-2016-4538,12
CVE-2016-4539,12
CVE-2016-4540,12
CVE-2016-4541,12
CVE-2016-4542,12
CVE-2016-4543,12
CVE-2016-4544,12
CVE-2016-5093,12
CVE-2016-5096,12
CVE-2016-5768,12
CVE-2016-5772,12
CVE-2016-6288,12
CVE-2016-6294,12
CVE-2016-6297,12
CVE-2016-9934,12
CVE-2017-11145,12
CVE-2017-12933,12
CVE-2017-16642,12
CVE-2017-7272,12
CVE-2018-10545,12
CVE-2018-14883,12
CVE-2018-20783,12
CVE-2019-11034,12
CVE-2019-11035,12
CVE-2019-11036,12
CVE-2019-11041,12
CVE-2019-11042,12
CVE-2019-11050,12
CVE-2019-9021,12
CVE-2019-9023,12
CVE-2019-9024,12
CVE-2020-7070,12
CVE-2021-21702,12
CVE-2022-31628,12
CVE-2022-4900,12
CVE-2023-0567,12
CVE-2014-3970,12
CVE-2019-14834,12
CVE-2021-39686,12
CVE-2018-5392,12
CVE-2017-6313,12
CVE-2018-18398,12
TEMP-0517020-915121,12
CVE-2016-0702,11
CVE-2016-0705,11
CVE-2016-0797,11
CVE-2016-0799,11
CVE-2016-2105,11
CVE-2016-2106,11
CVE-2018-12900,11
CVE-2018-17000,11
CVE-2016-4448,11
CVE-2019-15538,11
CVE-2022-34568,11
CVE-2016-3977,11
CVE-2019-1350,11
CVE-2019-1351,11
CVE-2017-7960,11
CVE-2017-7961,11
CVE-2020-36332,11
CVE-2017-15102,11
CVE-2017-18232,11
CVE-2017-18360,11
CVE-2018-1092,11
CVE-2018-1094,11
CVE-2018-10940,11
CVE-2018-7757,11
CVE-2017-13722,11
CVE-2018-10801,11
CVE-2020-18768,11
CVE-2014-9637,11
CVE-2019-20633,11
CVE-2017-0899,11
CVE-2017-0900,11
CVE-2016-2167,11
CVE-2018-18751,11
CVE-2020-27351,11
CVE-2017-14991,11
CVE-2017-18193,11
CVE-2018-7995,11
CVE-2017-14503,11
CVE-2023-32573,11
CVE-2016-7426,10
CVE-2016-7427,10
CVE-2016-7428,10
CVE-2016-7429,10
CVE-2016-9310,10
CVE-2016-9311,10
CVE-2017-6458,10
CVE-2017-6462,10
CVE-2017-6463,10
CVE-2017-6464,10
GHSA-wx77-rp39-c6vg,10
CVE-2020-15265,10
CVE-2020-15266,10
CVE-2020-26266,10
CVE-2020-26267,10
CVE-2020-26268,10
CVE-2020-26270,10
CVE-2020-26271,10
CVE-2021-29513,10
CVE-2021-29515,10
CVE-2021-29516,10
CVE-2021-29517,10
CVE-2021-29518,10
CVE-2021-29519,10
CVE-2021-29520,10
CVE-2021-29522,10
CVE-2021-29523,10
CVE-2021-29524,10
CVE-2021-29525,10
CVE-2021-29526,10
CVE-2021-29527,10
CVE-2021-29528,10
CVE-2021-29529,10
CVE-2021-29530,10
CVE-2021-29531,10
CVE-2021-29532,10
CVE-2021-29533,10
CVE-2021-29534,10
CVE-2021-29535,10
CVE-2021-29536,10
CVE-2021-29537,10
CVE-2021-29538,10
CVE-2021-29539,10
CVE-2021-29540,10
CVE-2021-29541,10
CVE-2021-29542,10
CVE-2021-29543,10
CVE-2021-29545,10
CVE-2021-29546,10
CVE-2021-29547,10
CVE-2021-29548,10
CVE-2021-29549,10
CVE-2021-29550,10
CVE-2021-29551,10
CVE-2021-29552,10
CVE-2021-29553,10
CVE-2021-29555,10
CVE-2021-29556,10
CVE-2021-29557,10
CVE-2021-29558,10
CVE-2021-29559,10
CVE-2021-29560,10
CVE-2021-29561,10
CVE-2021-29562,10
CVE-2021-29563,10
CVE-2021-29564,10
CVE-2021-29565,10
CVE-2021-29566,10
CVE-2021-29567,10
CVE-2021-29568,10
CVE-2021-29569,10
CVE-2021-29570,10
CVE-2021-29572,10
CVE-2021-29573,10
CVE-2021-29574,10
CVE-2021-29575,10
CVE-2021-29576,10
CVE-2021-29577,10
CVE-2021-29578,10
CVE-2021-29579,10
CVE-2021-29580,10
CVE-2021-29581,10
CVE-2021-29582,10
CVE-2021-29583,10
CVE-2021-29584,10
CVE-2021-29595,10
CVE-2021-29610,10
CVE-2021-29612,10
CVE-2021-29615,10
CVE-2021-29616,10
CVE-2021-29617,10
CVE-2021-29618,10
CVE-2021-29619,10
CVE-2019-18634,10
CVE-2018-10113,10
CVE-2018-10114,10
CVE-2023-46361,10
CVE-2023-46298,10
CVE-2021-3670,10
CVE-2019-8675,10
CVE-2019-8696,10
CVE-2017-12973,10
CVE-2022-31679,10
CVE-2016-7917,10
CVE-2020-16125,10
CVE-2015-1865,10
CVE-2016-3672,10
CVE-2021-20239,10
CVE-2014-8128,10
CVE-2016-10270,10
CVE-2016-10271,10
CVE-2016-3624,10
CVE-2016-3631,10
CVE-2017-7592,10
CVE-2017-7593,10
CVE-2017-7594,10
CVE-2017-7595,10
CVE-2017-7596,10
CVE-2017-7597,10
CVE-2017-7598,10
CVE-2017-7599,10
CVE-2017-7600,10
CVE-2017-7601,10
CVE-2017-7602,10
CVE-2017-9936,10
CVE-2022-0891,10
CVE-2011-2686,10
CVE-2011-3624,10
CVE-2016-10217,10
CVE-2016-10219,10
CVE-2016-10220,10
CVE-2016-10317,10
CVE-2017-5951,10
CVE-2017-2624,10
CVE-2011-4968,10
CVE-2019-20372,10
CVE-2021-46790,10
CVE-2014-5351,10
CVE-2014-5353,10
CVE-2014-5354,10
CVE-2014-9423,10
CVE-2019-2602,10
CVE-2020-2593,10
CVE-2020-2781,10
CVE-2018-1000222,9
CVE-2016-0798,9
CVE-2015-7973,9
CVE-2015-7974,9
CVE-2015-7976,9
CVE-2015-7979,9
CVE-2015-8158,9
CVE-2016-0727,9
CVE-2016-2518,9
CVE-2016-4954,9
CVE-2016-4955,9
CVE-2016-4956,9
CVE-2016-10009,9
CVE-2021-29585,9
CVE-2021-29586,9
CVE-2021-29587,9
CVE-2021-29588,9
CVE-2021-29589,9
CVE-2021-29590,9
CVE-2021-29593,9
CVE-2021-29594,9
CVE-2021-29596,9
CVE-2021-29597,9
CVE-2021-29598,9
CVE-2021-29599,9
CVE-2021-29600,9
CVE-2021-29602,9
CVE-2021-29603,9
CVE-2021-29604,9
CVE-2018-13098,9
CVE-2018-14615,9
CVE-2019-14763,9
CVE-2019-15925,9
CVE-2019-19543,9
CVE-2019-9245,9
CVE-2022-21385,9
CVE-2019-10209,9
CVE-2019-18862,9
CVE-2022-1434,9
CVE-2022-1473,9
CVE-2021-4173,9
CVE-2021-4187,9
CVE-2022-1616,9
CVE-2022-2304,9
CVE-2022-3099,9
CVE-2022-3134,9
CVE-2022-3324,9
CVE-2022-4141,9
CVE-2015-2806,9
CVE-2020-24240,9
CVE-2017-0641,9
CVE-2017-11189,9
CVE-2019-14889,9
CVE-2017-14245,9
CVE-2017-14246,9
CVE-2017-14634,9
CVE-2018-19432,9
CVE-2018-19661,9
CVE-2018-19758,9
CVE-2019-3832,9
CVE-2016-10741,9
CVE-2016-4569,9
CVE-2016-4578,9
CVE-2016-7915,9
CVE-2016-9604,9
CVE-2016-9685,9
CVE-2018-6927,9
CVE-2012-5580,9
CVE-2011-1473,9
CVE-2021-28544,9
CVE-2018-18384,9
CVE-2021-20245,9
CVE-2021-4219,9
CVE-2023-1906,9
CVE-2017-7511,9
CVE-2017-7515,9
CVE-2017-9406,9
CVE-2017-9408,9
CVE-2019-10871,9
CVE-2017-11089,9
CVE-2017-16528,9
CVE-2023-29159,9
CVE-2017-2671,9
CVE-2016-3716,9
CVE-2017-14064,9
CVE-2015-2328,8
CVE-2015-8380,8
CVE-2015-8385,8
CVE-2015-8387,8
CVE-2015-8390,8
CVE-2015-8391,8
CVE-2015-8393,8
CVE-2015-8394,8
CVE-2020-27843,8
CVE-2019-19949,8
CVE-2022-33070,8
CVE-2020-18773,8
CVE-2020-18774,8
CVE-2022-3647,8
CVE-2023-28450,8
CVE-2019-15680,8
CVE-2015-3196,8
CVE-2022-0264,8
CVE-2012-0880,8
CVE-2023-45143,8
SUSE-SU-2023:3440-1,8
CVE-2017-1000383,8
CVE-2019-14973,8
CVE-2020-15469,8
CVE-2021-3592,8
CVE-2021-3594,8
CVE-2021-3595,8
CVE-2022-26354,8
CVE-2014-8501,8
CVE-2013-7447,8
CVE-2016-9395,8
CVE-2016-9397,8
CVE-2016-9398,8
CVE-2016-9399,8
CVE-2017-13745,8
CVE-2017-13747,8
CVE-2017-13749,8
CVE-2017-13751,8
CVE-2017-13752,8
CVE-2017-14132,8
CVE-2017-6851,8
CVE-2017-9782,8
CVE-2018-18873,8
CVE-2018-19539,8
CVE-2018-19540,8
CVE-2018-19541,8
CVE-2018-19542,8
CVE-2018-19543,8
CVE-2018-20570,8
CVE-2018-20622,8
CVE-2018-9055,8
CVE-2018-9252,8
CVE-2022-40755,8
CVE-2012-0814,8
CVE-2023-26924,8
CVE-2023-29932,8
CVE-2023-29933,8
CVE-2023-29934,8
CVE-2023-29935,8
CVE-2023-29939,8
CVE-2023-29941,8
CVE-2023-29942,8
CVE-2015-2304,8
CVE-2015-8915,8
CVE-2015-8933,8
CVE-2016-8687,8
CVE-2016-8688,8
CVE-2016-8689,8
CVE-2019-0220,8
CVE-2019-10092,8
CVE-2019-10098,8
CVE-2020-35452,8
CVE-2022-28615,8
CVE-2018-2773,8
CVE-2020-2574,8
CVE-2021-2007,8
CVE-2017-7885,8
CVE-2017-12562,8
CVE-2017-16942,8
CVE-2017-6892,8
CVE-2017-13721,8
CVE-2015-2305,8
CVE-2016-7945,8
CVE-2016-7951,8
CVE-2016-7952,8
CVE-2017-15107,8
CVE-2019-14513,8
CVE-2015-8944,8
CVE-2017-1000380,8
CVE-2019-2001,8
CVE-2017-16548,8
CVE-2020-1927,8
CVE-2017-17507,8
CVE-2018-13869,8
CVE-2018-13870,8
CVE-2018-14031,8
CVE-2018-14033,8
CVE-2018-14034,8
CVE-2018-14035,8
CVE-2018-14460,8
CVE-2018-15671,8
CVE-2018-16438,8
CVE-2018-17432,8
CVE-2018-17433,8
CVE-2018-17435,8
CVE-2018-17436,8
CVE-2018-17439,8
CVE-2019-8397,8
CVE-2019-9151,8
CVE-2019-9152,8
CVE-2020-10809,8
CVE-2020-10810,8
CVE-2020-10811,8
CVE-2020-10812,8
CVE-2020-18232,8
CVE-2020-18494,8
CVE-2021-37501,8
CVE-2021-45829,8
CVE-2021-45830,8
CVE-2021-45832,8
CVE-2021-45833,8
CVE-2021-46242,8
CVE-2021-46243,8
CVE-2021-46244,8
SUSE-SU-2022:1758-2,8
CVE-2014-9652,8
CVE-2015-1473,8
CVE-2016-10208,8
CVE-2017-6345,8
CVE-2017-6348,8
CVE-2020-22039,8
CVE-2020-22040,8
CVE-2020-22042,8
CVE-2020-22043,8
CVE-2008-4996,8
CVE-2023-26767,8
CVE-2023-26768,8
CVE-2023-26769,8
CVE-2021-46665,8
CVE-2021-46668,8
CVE-2017-17864,7
CVE-2023-27903,7
CVE-2023-27904,7
CVE-2023-43497,7
CVE-2023-43498,7
CVE-2021-32492,7
CVE-2021-3500,7
CVE-2016-4074,7
CVE-2019-16778,7
CVE-2021-3533,7
CVE-2020-11023,7
CVE-2020-28493,7
CVE-2022-48425,7
CVE-2023-35826,7
GHSA-4q83-7cq4-p6wg,7
CVE-2019-14907,7
CVE-2006-2229,7
CVE-2016-6329,7
CVE-2018-7544,7
CVE-2017-7184,7
GHSA-wm2r-rp98-8pmh,7
CVE-2022-41877,7
CVE-2023-39350,7
CVE-2018-13139,7
CVE-2018-19662,7
CVE-2021-20196,7
CVE-2021-3416,7
CVE-2021-3507,7
CVE-2021-3527,7
CVE-2021-3930,7
CVE-2013-5679,7
CVE-2010-5328,7
CVE-2010-5329,7
CVE-2011-0699,7
CVE-2011-2534,7
CVE-2011-4080,7
CVE-2012-1568,7
CVE-2013-0160,7
CVE-2013-6380,7
CVE-2013-6382,7
CVE-2013-7264,7
CVE-2013-7267,7
CVE-2013-7268,7
CVE-2013-7269,7
CVE-2013-7271,7
CVE-2013-7281,7
CVE-2014-4027,7
CVE-2015-2042,7
CVE-2015-3288,7
CVE-2015-8956,7
CVE-2016-5244,7
CVE-2017-1000370,7
CVE-2017-14156,7
CVE-2019-15222,7
CVE-2019-15223,7
CVE-2019-18680,7
CVE-2019-19047,7
CVE-2019-19922,7
CVE-2021-33135,7
CVE-2018-17101,7
CVE-2018-1063,7
CVE-2014-2524,7
CVE-2013-2419,7
CVE-2014-6585,7
CVE-2014-6591,7
CVE-2014-8146,7
CVE-2014-8147,7
CVE-2016-6293,7
CVE-2017-14952,7
CVE-2022-0908,7
CVE-2017-14517,7
CVE-2017-14518,7
CVE-2017-14519,7
CVE-2017-14520,7
CVE-2017-14617,7
CVE-2017-14926,7
CVE-2017-14927,7
CVE-2017-14928,7
CVE-2017-14929,7
CVE-2017-14975,7
CVE-2017-14976,7
CVE-2017-14977,7
CVE-2017-15565,7
CVE-2017-9865,7
CVE-2020-24330,7
CVE-2016-10165,7
CVE-2016-0666,7
CVE-2016-3452,7
CVE-2016-5444,7
CVE-2017-3302,7
CVE-2015-3228,7
CVE-2016-10218,7
CVE-2016-9601,7
CVE-2017-11714,7
CVE-2017-7975,7
CVE-2017-8908,7
CVE-2017-9216,7
CVE-2017-9610,7
CVE-2017-9611,7
CVE-2017-9612,7
CVE-2017-9618,7
CVE-2017-9619,7
CVE-2017-9620,7
CVE-2017-9726,7
CVE-2017-9727,7
CVE-2017-9739,7
CVE-2017-9740,7
CVE-2017-9835,7
CVE-2020-16289,7
CVE-2020-16302,7
CVE-2020-16305,7
CVE-2020-16309,7
CVE-2020-17538,7
CVE-2020-21710,7
CVE-2017-11333,7
CVE-2018-19059,7
CVE-2018-19060,7
CVE-2018-18074,7
NSWG-ECO-445,7
CVE-2016-9588,7
CVE-2017-1000363,7
CVE-2023-43615,7
CVE-2017-1000476,7
CVE-2017-18271,7
CVE-2017-18273,7
CVE-2018-10177,7
CVE-2018-10804,7
CVE-2018-10805,7
CVE-2018-11656,7
CVE-2018-13153,7
CVE-2018-14434,7
CVE-2018-14435,7
CVE-2018-14436,7
CVE-2018-14437,7
CVE-2018-16640,7
CVE-2018-16644,7
CVE-2018-16645,7
CVE-2018-16750,7
CVE-2019-6978,6
CVE-2015-8668,6
CVE-2016-5102,6
CVE-2016-5318,6
CVE-2017-11335,6
CVE-2017-11613,6
CVE-2017-17095,6
CVE-2017-18013,6
CVE-2018-15209,6
CVE-2021-41802,6
CVE-2019-15052,6
CVE-2019-16370,6
CVE-2019-18813,6
CVE-2022-32742,6
CVE-2021-32715,6
TEMP-0672435-7C494C,6
CVE-2001-1534,6
CVE-2003-1307,6
CVE-2003-1580,6
CVE-2003-1581,6
CVE-2007-0086,6
CVE-2007-1743,6
CVE-2007-3303,6
CVE-2008-0456,6
CVE-2018-21232,6
CVE-2018-19490,6
CVE-2018-19491,6
CVE-2018-19492,6
CVE-2014-3421,6
CVE-2014-3422,6
CVE-2014-3423,6
CVE-2014-3424,6
CVE-2021-3979,6
CVE-2020-16092,6
CVE-2021-20203,6
CVE-2021-3392,6
CVE-2021-3593,6
CVE-2018-1118,6
CVE-2019-15165,6
CVE-2014-8502,6
CVE-2014-8503,6
CVE-2014-8504,6
CVE-2014-8738,6
CVE-2010-0424,6
CVE-2016-9396,6
CVE-2017-1000050,6
CVE-2015-1782,6
CVE-2018-17100,6
CVE-2013-1569,6
CVE-2013-2383,6
CVE-2013-2384,6
CVE-2015-1270,6
CVE-2015-2632,6
CVE-2015-3218,6
CVE-2015-4625,6
CVE-2019-20054,6
CVE-2016-7944,6
CVE-2018-20534,6
CVE-2020-8252,6
CVE-2017-14502,6
CVE-2019-1000019,6
CVE-2022-30629,6
CVE-2019-16866,6
CVE-2023-41900,6
CVE-2014-3710,6
CVE-2014-8117,6
CVE-2014-6040,6
CVE-2017-2618,6
CVE-2016-2856,6
TEMP-0000000-583651,6
CVE-2018-15857,6
CVE-2018-15858,6
CVE-2012-4245,6
CVE-2023-4316,6
CVE-2017-3533,6
CVE-2017-3539,6
CVE-2017-3544,6
CVE-2018-3214,6
CVE-2016-10518,6
CVE-2018-18849,6
CVE-2018-19364,6
CVE-2016-3616,5
CVE-2016-3623,5
CVE-2016-3658,5
CVE-2016-3991,5
CVE-2016-5652,5
CVE-2016-9448,5
CVE-2016-9536,5
CVE-2016-9537,5
CVE-2016-9538,5
CVE-2016-9539,5
CVE-2016-9540,5
CVE-2015-8806,5
CVE-2016-2073,5
CVE-2016-3627,5
CVE-2016-3705,5
CVE-2016-4447,5
CVE-2016-4449,5
CVE-2016-4483,5
CVE-2020-2105,5
CVE-2018-6557,5
CVE-2014-3146,5
CVE-2020-21468,5
CVE-2023-45145,5
CVE-2020-25639,5
CVE-2023-26112,5
CVE-2022-0856,5
CVE-2019-12105,5
CVE-2018-8882,5
CVE-2018-8883,5
CVE-2018-20544,5
CVE-2018-20546,5
CVE-2018-20547,5
CVE-2018-16872,5
CVE-2020-35504,5
CVE-2020-35505,5
CVE-2021-20221,5
CVE-2022-0216,5
CVE-2022-26353,5
CVE-2016-1000346,5
CVE-2021-33642,5
CVE-2011-2533,5
CVE-2010-2541,5
CVE-2012-5668,5
CVE-2015-9290,5
CVE-2009-5080,5
CVE-2023-40305,5
CVE-2012-1088,5
CVE-2009-2042,5
CVE-2012-5630,5
CVE-2012-5644,5
CVE-2014-3956,5
CVE-2020-27824,5
CVE-2020-27842,5
CVE-2020-27845,5
CVE-2022-1122,5
CVE-2022-23491,5
CVE-2016-7837,5
CVE-2018-7999,5
CVE-2017-11464,5
CVE-2017-7585,5
CVE-2017-7586,5
CVE-2017-7742,5
CVE-2017-8361,5
CVE-2017-8362,5
CVE-2017-8363,5
CVE-2017-8365,5
CVE-2017-0381,5
CVE-2019-10638,5
CVE-2019-10639,5
CVE-2019-15090,5
CVE-2019-7222,5
CVE-2016-7947,5
CVE-2016-7948,5
CVE-2021-32718,5
CVE-2021-32719,5
CVE-2023-31124,5
CVE-2023-31147,5
CVE-2015-2325,5
CVE-2015-2326,5
CVE-2015-2327,5
CVE-2015-5073,5
CVE-2015-8388,5
CVE-2016-10088,5
CVE-2019-13390,5
CVE-2017-10053,5
CVE-2017-10081,5
CVE-2017-10108,5
CVE-2017-10109,5
CVE-2017-10243,5
CVE-2018-2603,5
CVE-2014-8354,5
CVE-2014-8355,5
CVE-2014-8562,5
CVE-2014-8716,5
CVE-2014-9826,5
CVE-2014-9907,5
CVE-2015-8957,5
CVE-2015-8958,5
CVE-2015-8959,5
CVE-2016-10061,5
CVE-2016-10062,5
CVE-2016-10065,5
CVE-2016-10144,5
CVE-2016-10146,5
CVE-2016-5010,5
CVE-2016-7514,5
CVE-2016-7515,5
CVE-2016-7516,5
CVE-2016-7517,5
CVE-2016-7518,5
CVE-2016-7519,5
CVE-2016-7520,5
CVE-2016-7521,5
CVE-2016-7522,5
CVE-2016-7523,5
CVE-2016-7524,5
CVE-2016-7525,5
CVE-2016-7526,5
CVE-2016-7527,5
CVE-2016-7528,5
CVE-2016-7529,5
CVE-2016-7530,5
CVE-2016-7531,5
CVE-2016-7532,5
CVE-2016-7533,5
CVE-2016-7534,5
CVE-2016-7535,5
CVE-2016-7537,5
CVE-2016-7538,5
CVE-2016-7539,5
CVE-2016-7799,5
CVE-2016-9556,5
CVE-2017-1000445,5
CVE-2017-10995,5
CVE-2017-11141,5
CVE-2017-11170,5
CVE-2017-11188,5
CVE-2017-11505,5
CVE-2017-11537,5
CVE-2017-12140,5
CVE-2017-12418,5
CVE-2017-12429,5
CVE-2017-12430,5
CVE-2017-12433,5
CVE-2017-12435,5
CVE-2017-12563,5
CVE-2017-12587,5
CVE-2017-12640,5
CVE-2017-12643,5
CVE-2017-12644,5
CVE-2017-12674,5
CVE-2017-12692,5
CVE-2017-12693,5
CVE-2017-12875,5
CVE-2017-12983,5
CVE-2017-13058,5
CVE-2017-13059,5
CVE-2017-13060,5
CVE-2017-13062,5
CVE-2017-13131,5
CVE-2017-13758,5
CVE-2017-14060,5
CVE-2017-14172,5
CVE-2017-14173,5
CVE-2017-14174,5
CVE-2017-14175,5
CVE-2017-14249,5
CVE-2017-14341,5
CVE-2017-14342,5
CVE-2017-14343,5
CVE-2017-14400,5
CVE-2017-14607,5
CVE-2017-14684,5
CVE-2017-14739,5
CVE-2017-14741,5
CVE-2017-15016,5
CVE-2017-15017,5
CVE-2017-15032,5
CVE-2017-15033,5
CVE-2017-15281,5
CVE-2017-17504,5
CVE-2017-17680,5
CVE-2017-17682,5
CVE-2017-17881,5
CVE-2017-17882,5
CVE-2017-17884,5
CVE-2017-17885,5
CVE-2017-17886,5
CVE-2017-17887,5
CVE-2017-17914,5
CVE-2017-17934,5
CVE-2017-18008,5
CVE-2017-18022,5
CVE-2017-18027,5
CVE-2017-5507,5
CVE-2017-7606,5
CVE-2017-7619,5
CVE-2017-7941,5
CVE-2017-7943,5
CVE-2017-8343,5
CVE-2017-8344,5
CVE-2017-8345,5
CVE-2017-8346,5
CVE-2017-8347,5
CVE-2017-8348,5
CVE-2017-8349,5
CVE-2017-8350,5
CVE-2017-8351,5
CVE-2017-8352,5
CVE-2017-8353,5
CVE-2017-8354,5
CVE-2017-8355,5
CVE-2017-8356,5
CVE-2017-8357,5
CVE-2017-8765,5
CVE-2017-8830,5
CVE-2017-9141,5
CVE-2017-9142,5
CVE-2017-9143,5
CVE-2017-9439,5
CVE-2017-9501,5
CVE-2018-11251,5
CVE-2018-16323,5
CVE-2018-5246,5
CVE-2018-5247,5
CVE-2018-5357,5
CVE-2018-5358,5
CVE-2018-6405,5
CVE-2016-5323,4
CVE-2016-6223,4
GHSA-wxhq-pm8v-cw75,4
CVE-2018-2579,4
CVE-2020-1945,4
CVE-2021-36373,4
CVE-2021-36374,4
CVE-2007-2379,4
CVE-2018-18405,4
CVE-2021-22133,4
CVE-2023-0481,4
CVE-2023-38037,4
CVE-2015-5229,4
CVE-2015-1819,4
CVE-2015-8241,4
CVE-2015-8242,4
CVE-2015-8317,4
CVE-2020-1736,4
CVE-2022-23901,4
CVE-2018-1000667,4
CVE-2018-1000886,4
CVE-2018-10016,4
CVE-2018-10254,4
CVE-2018-10316,4
CVE-2018-16382,4
CVE-2018-16517,4
CVE-2018-16999,4
CVE-2018-19209,4
CVE-2018-19213,4
CVE-2018-19214,4
CVE-2018-19215,4
CVE-2018-19216,4
CVE-2018-19755,4
CVE-2018-20538,4
CVE-2019-6290,4
CVE-2019-6291,4
CVE-2019-7147,4
CVE-2019-8343,4
CVE-2018-20839,4
CVE-2019-20199,4
CVE-2017-16516,4
CVE-2023-33460,4
CVE-2022-1050,4
CVE-2022-4144,4
CVE-2018-9251,4
CVE-2019-13616,4
CVE-2019-7572,4
CVE-2019-7573,4
CVE-2019-7574,4
CVE-2019-7575,4
CVE-2019-7576,4
CVE-2019-7577,4
CVE-2019-7578,4
CVE-2021-42374,4
CVE-2021-31870,4
CVE-2021-31871,4
CVE-2021-31872,4
CVE-2021-31873,4
CVE-2010-2253,4
CVE-2022-39379,4
CVE-2003-1418,4
CVE-2007-6750,4
CVE-2011-4415,4
CVE-2017-15710,4
CVE-2017-15715,4
CVE-2018-1301,4
CVE-2018-1312,4
CVE-2010-1849,4
CVE-2012-5615,4
CVE-2012-5627,4
CVE-2014-0384,4
CVE-2014-2419,4
CVE-2014-2430,4
CVE-2014-2431,4
CVE-2014-2432,4
CVE-2014-2438,4
CVE-2014-2494,4
CVE-2014-4207,4
CVE-2014-4243,4
CVE-2014-6551,4
CVE-2014-6568,4
CVE-2015-0374,4
CVE-2015-4819,4
CVE-2016-0546,4
CVE-2016-0598,4
CVE-2016-0600,4
CVE-2016-0606,4
CVE-2016-0608,4
CVE-2016-0609,4
CVE-2016-0651,4
CVE-2018-3174,4
CVE-2019-2730,4
CVE-2019-2738,4
CVE-2019-2910,4
CVE-2019-2911,4
CVE-2019-20919,4
CVE-2020-14392,4
CVE-2020-14393,4
CVE-2014-0067,4
CVE-2020-21469,4
CVE-2021-20229,4
CVE-2021-23222,4
CVE-2020-14928,4
CVE-2020-16117,4
CVE-2021-3349,4
CVE-2022-25310,4
CVE-2015-3202,4
CVE-2018-20781,4
CVE-2019-12795,4
CVE-2021-30836,4
CVE-2021-30884,4
CVE-2015-3418,4
CVE-2017-13723,4
CVE-2020-16845,4
CVE-2021-41247,4
CVE-2018-1000808,4
CVE-2018-11206,4
CVE-2018-17189,4
CVE-2018-17199,4
CVE-2019-0196,4
CVE-2019-0197,4
CVE-2019-10082,4
CVE-2022-22721,4
CVE-2016-10010,4
CVE-2013-0248,4
CVE-2021-23177,4
CVE-2021-31566,4
CVE-2018-20060,4
CVE-2021-3739,4
CVE-2022-30556,4
CVE-2014-3587,4
CVE-2014-8964,4
CVE-2015-7981,4
CVE-2015-3414,4
CVE-2015-3416,4
CVE-2014-3568,4
CVE-2014-3569,4
CVE-2014-3570,4
CVE-2014-3572,4
CVE-2014-8275,4
CVE-2015-0204,4
CVE-2015-0205,4
CVE-2015-0209,4
CVE-2015-0288,4
CVE-2015-5146,4
CVE-2015-5194,4
CVE-2015-5195,4
CVE-2015-5219,4
CVE-2023-4863,4
CVE-2016-9754,4
CVE-2016-9793,4
CVE-2016-9794,4
CVE-2017-15868,4
CVE-2020-20898,4
CVE-2020-22041,4
CVE-2020-22044,4
CVE-2020-22046,4
CVE-2020-22048,4
CVE-2020-22051,4
CVE-2020-22056,4
CVE-2021-38090,4
CVE-2021-38091,4
CVE-2021-38092,4
CVE-2021-38093,4
CVE-2021-38094,4
CVE-2018-1000500,4
CVE-2022-30065,4
CVE-2020-24372,4
CVE-2006-4447,4
CVE-2023-40359,4
CVE-2018-15173,4
CVE-2015-3164,4
CVE-2014-7185,4
CVE-2015-8325,4
CVE-2016-1908,4
CVE-2016-3115,4
CVE-2016-6210,4
CVE-2019-9637,4
CVE-2019-9675,4
CVE-2017-7207,4
CVE-2018-11645,4
CVE-2015-3255,4
CVE-2016-1000111,4
CVE-2018-7740,4
CVE-2021-46657,4
CVE-2021-46658,4
CVE-2021-46659,4
CVE-2021-46661,4
CVE-2021-46662,4
CVE-2021-46663,4
CVE-2021-46664,4
CVE-2021-46666,4
CVE-2018-17438,4
CVE-2018-12932,4
CVE-2018-12933,4
CVE-2021-23215,3
CVE-2021-26260,3
CVE-2022-28286,3
CVE-2021-3470,3
CVE-2017-3589,3
CVE-2020-7211,3
CVE-2015-7941,3
CVE-2016-6306,3
CVE-2021-45402,3
CVE-2022-2905,3
CVE-2022-3534,3
CVE-2023-2269,3
CVE-2023-39194,3
CVE-2023-6176,3
CVE-2023-34110,3
CVE-2021-41229,3
CVE-2021-3700,3
CVE-2019-9371,3
CVE-2018-6559,3
CVE-2022-28391,3
CVE-2022-48174,3
CVE-2017-6363,3
CVE-2021-38115,3
CVE-2010-2431,3
CVE-2017-5357,3
CVE-2011-2485,3
CVE-2012-2370,3
CVE-2016-10151,3
CVE-2016-10152,3
CVE-2010-2595,3
CVE-2010-4665,3
CVE-2013-4277,3
CVE-2016-10504,3
CVE-2016-10507,3
CVE-2016-9112,3
CVE-2017-12982,3
CVE-2017-14039,3
CVE-2017-14040,3
CVE-2017-14151,3
CVE-2017-14152,3
CVE-2020-1740,3
CVE-2016-6328,3
CVE-2017-7544,3
CVE-2018-20030,3
CVE-2017-8786,3
CVE-2017-11624,3
CVE-2017-11625,3
CVE-2017-11626,3
CVE-2017-11627,3
CVE-2017-9208,3
CVE-2017-9209,3
CVE-2017-9210,3
CVE-2020-15654,3
CVE-2020-15657,3
CVE-2020-15658,3
CVE-2020-6813,3
CVE-2023-4583,3
CVE-2021-21142,3
CVE-2021-21143,3
CVE-2021-21144,3
CVE-2014-2497,3
CVE-2014-9709,3
CVE-2015-6815,3
CVE-2015-6855,3
CVE-2016-10155,3
CVE-2016-1922,3
CVE-2016-2198,3
CVE-2016-2391,3
CVE-2016-2392,3
CVE-2016-2538,3
CVE-2016-2841,3
CVE-2016-2858,3
CVE-2016-4037,3
CVE-2016-4453,3
CVE-2016-6834,3
CVE-2016-6836,3
CVE-2016-6888,3
CVE-2016-7116,3
CVE-2016-7421,3
CVE-2016-7909,3
CVE-2016-8576,3
CVE-2016-8669,3
CVE-2016-8909,3
CVE-2016-8910,3
CVE-2016-9102,3
CVE-2016-9104,3
CVE-2016-9105,3
CVE-2016-9106,3
CVE-2016-9911,3
CVE-2016-9921,3
CVE-2016-9922,3
CVE-2017-10806,3
CVE-2017-18043,3
CVE-2017-5579,3
CVE-2017-5973,3
CVE-2017-8309,3
CVE-2017-9373,3
CVE-2017-9374,3
CVE-2017-9375,3
CVE-2018-5683,3
CVE-2020-11947,3
CVE-2020-25723,3
CVE-2019-19221,3
CVE-2016-4425,3
CVE-2008-4950,3
CVE-2013-4449,3
CVE-2014-9713,3
CVE-2015-1545,3
CVE-2014-9940,3
CVE-2016-6136,3
CVE-2015-4000,3
CVE-2016-10248,3
CVE-2016-8883,3
CVE-2016-9387,3
CVE-2016-9388,3
CVE-2016-9389,3
CVE-2016-9390,3
CVE-2016-9391,3
CVE-2016-9392,3
CVE-2016-9393,3
CVE-2016-9394,3
CVE-2016-9600,3
CVE-2017-7546,3
CVE-2018-1053,3
GHSA-528j-9r78-wffx,3
GHSA-9gp7-6833-wv89,3
CVE-2018-11490,3
CVE-2020-25684,3
CVE-2020-25685,3
CVE-2020-25686,3
CVE-2017-1000401,3
CVE-2020-27840,3
CVE-2021-20277,3
CVE-2022-32189,3
CVE-2020-10177,3
CVE-2020-10378,3
SUSE-SU-2023:3965-1,3
CVE-2023-4692,3
CVE-2023-4693,3
CVE-2022-40983,3
CVE-2022-43591,3
CVE-2019-17546,3
CVE-2021-20194,3
CVE-2016-6906,2
CVE-2016-9317,2
CVE-2015-7995,2
CVE-2021-3474,2
CVE-2021-3477,2
CVE-2019-12402,2
CVE-2012-0881,2
CVE-2022-40151,2
CVE-2022-1471,2
CVE-2022-38752,2
CVE-2022-41854,2
CVE-2018-10583,2
CVE-2013-4116,2
CVE-2020-26247,2
CVE-2020-11655,2
CVE-2020-13631,2
CVE-2015-8629,2
CVE-2015-8630,2
CVE-2015-3194,2
CVE-2015-3197,2
CVE-2016-2109,2
CVE-2016-2842,2
GHSA-r7vq-6425-j94w,2
TEMP-0827346-22ED59,2
CVE-2019-12360,2
CVE-2019-12493,2
CVE-2019-18604,2
CVE-2019-9587,2
CVE-2019-9588,2
CVE-2019-14531,2
CVE-2019-14532,2
CVE-2018-20535,2
CVE-2019-14866,2
CVE-2022-33099,2
CVE-2021-20201,2
CVE-2022-44940,2
CVE-2019-2126,2
CVE-2019-9232,2
CVE-2019-9325,2
CVE-2019-9433,2
CVE-2019-1010315,2
CVE-2020-24553,2
CVE-2021-28831,2
CVE-2021-42378,2
CVE-2021-42379,2
CVE-2021-42380,2
CVE-2021-42381,2
CVE-2021-42382,2
CVE-2021-42384,2
CVE-2021-42385,2
CVE-2021-42386,2
CVE-2020-8624,2
CVE-2018-10840,2
CVE-2018-12904,2
CVE-2022-39348,2
CVE-2023-41053,2
CVE-2023-1192,2
CVE-2007-0469,2
CVE-2014-1830,2
CVE-2015-1379,2
CVE-2020-28935,2
openSUSE-SU-2022:0177-1,2
CVE-2014-0119,2
CVE-2014-0227,2
CVE-2014-0230,2
CVE-2015-5174,2
CVE-2015-5345,2
CVE-2016-0762,2
SUSE-SU-2022:3003-1,2
CVE-2016-4983,2
CVE-2017-15130,2
CVE-2020-25275,2
CVE-2013-7491,2
CVE-2021-3588,2
CVE-2021-3658,2
CVE-2022-3637,2
CVE-2016-4804,2
CVE-2016-5104,2
CVE-2015-10082,2
CVE-2017-5545,2
CVE-2017-5834,2
CVE-2017-5835,2
CVE-2017-5836,2
CVE-2017-6435,2
CVE-2017-6436,2
CVE-2017-6437,2
CVE-2017-6438,2
CVE-2017-6439,2
CVE-2017-6440,2
CVE-2017-7982,2
CVE-2020-35530,2
CVE-2020-35531,2
CVE-2020-35532,2
CVE-2020-35533,2
CVE-2020-35534,2
CVE-2020-35535,2
CVE-2017-7697,2
CVE-2014-9496,2
CVE-2014-9756,2
CVE-2017-7741,2
CVE-2017-14160,2
CVE-2017-14633,2
CVE-2018-10392,2
CVE-2018-10393,2
CVE-2017-13194,2
CVE-2023-28938,2
CVE-2017-9951,2
CVE-2019-12973,2
CVE-2015-9252,2
CVE-2017-12595,2
CVE-2017-18183,2
CVE-2017-18184,2
CVE-2017-18185,2
CVE-2017-18186,2
CVE-2018-9918,2
CVE-2017-9258,2
CVE-2017-9259,2
CVE-2017-9260,2
CVE-2018-14044,2
CVE-2018-17096,2
CVE-2020-23903,2
CVE-2019-15681,2
CVE-2020-14402,2
CVE-2020-14403,2
CVE-2020-14404,2
CVE-2016-4476,2
CVE-2018-12399,2
CVE-2018-12401,2
CVE-2018-12403,2
CVE-2019-11723,2
CVE-2019-11724,2
CVE-2019-11725,2
CVE-2019-11728,2
CVE-2019-11737,2
CVE-2020-12394,2
CVE-2020-26965,2
CVE-2020-35111,2
CVE-2021-23973,2
CVE-2022-22739,2
CVE-2022-40956,2
CVE-2017-6318,2
CVE-2020-12862,2
CVE-2020-12863,2
CVE-2020-14347,2
CVE-2019-16771,2
CVE-2018-18897,2
CVE-2018-20551,2
CVE-2019-10873,2
CVE-2019-9903,2
CVE-2023-25500,2
CVE-2015-5745,2
CVE-2015-7549,2
CVE-2015-8558,2
CVE-2015-8567,2
CVE-2015-8568,2
CVE-2015-8613,2
CVE-2016-7907,2
CVE-2016-7908,2
CVE-2016-9103,2
CVE-2016-9907,2
CVE-2016-9923,2
CVE-2017-11434,2
CVE-2017-13673,2
CVE-2017-6414,2
CVE-2018-12617,2
CVE-2020-29129,2
CVE-2020-29130,2
CVE-2021-20257,2
CVE-2021-4145,2
CVE-2023-28161,2
CVE-2022-26981,2
CVE-2021-20269,2
CVE-2020-35538,2
CVE-2019-7317,2
CVE-2016-9811,2
CVE-2017-5837,2
CVE-2017-5839,2
CVE-2017-5842,2
CVE-2017-5844,2
CVE-2018-1000101,2
CVE-2023-33250,2
CVE-2013-4441,2
CVE-2015-5203,2
CVE-2015-5221,2
CVE-2017-6850,2
CVE-2013-0211,2
CVE-2020-1734,2
CVE-2020-1738,2
CVE-2021-42373,2
CVE-2021-42375,2
CVE-2021-42376,2
CVE-2018-14338,2
CVE-2020-18898,2
CVE-2019-19391,2
CVE-2020-24890,2
CVE-2008-1447,2
CVE-2019-8341,2
CVE-2019-12522,2
SUSE-SU-2022:4202-1,2
CVE-2023-28858,2
CVE-2019-16865,2
CVE-2019-19911,2
CVE-2015-8100,2
CVE-2023-46737,2
CVE-2016-5009,2
CVE-2012-5373,2
CVE-2017-10193,2
CVE-2017-10345,2
CVE-2022-36885,2
CVE-2020-2182,2
CVE-2018-1999037,2
CVE-2021-36691,2
CVE-2016-6250,2
CVE-2017-5601,2
CVE-2016-1867,2
CVE-2016-2089,2
CVE-2016-8691,2
CVE-2016-8692,2
CVE-2016-10245,2
CVE-2017-11166,2
CVE-2017-12805,2
CVE-2017-12806,2
CVE-2017-18251,2
CVE-2017-18254,2
CVE-2018-16328,2
CVE-2018-16643,2
CVE-2018-16749,2
CVE-2018-17966,2
CVE-2018-17967,2
CVE-2018-18016,2
CVE-2018-18544,2
CVE-2019-10131,2
CVE-2019-10650,2
CVE-2019-11470,2
CVE-2019-12975,2
CVE-2019-12976,2
CVE-2019-13133,2
CVE-2019-13134,2
CVE-2019-13309,2
CVE-2019-13311,2
CVE-2019-14980,2
CVE-2019-14981,2
CVE-2019-16708,2
CVE-2019-16710,2
CVE-2019-16711,2
CVE-2019-16712,2
CVE-2019-16713,2
CVE-2019-7175,2
CVE-2019-7397,2
CVE-2019-7398,2
CVE-2020-35513,2
CVE-2014-9482,2
CVE-2015-8750,2
CVE-2016-2091,2
CVE-2016-5027,2
CVE-2016-5028,2
CVE-2016-5029,2
CVE-2016-5030,2
CVE-2016-5031,2
CVE-2016-5032,2
CVE-2016-5033,2
CVE-2016-5034,2
CVE-2016-5035,2
CVE-2016-5036,2
CVE-2016-5037,2
CVE-2016-5038,2
CVE-2016-5039,2
CVE-2016-5040,2
CVE-2016-5041,2
CVE-2016-5042,2
CVE-2016-5043,2
CVE-2016-5044,2
CVE-2016-7410,2
CVE-2016-7510,2
CVE-2016-7511,2
CVE-2016-9276,2
CVE-2016-9558,2
CVE-2017-9052,2
CVE-2017-9053,2
CVE-2017-9054,2
CVE-2017-9055,2
CVE-2017-9998,2
CVE-2019-14249,2
CVE-2014-7970,2
CVE-2014-7975,2
CVE-2016-6213,2
CVE-2017-15116,2
CVE-2017-15127,2
CVE-2017-2584,2
CVE-2020-12912,2
CVE-2021-28952,2
SUSE-SU-2022:2647-1,1
SUSE-SU-2023:2334-1,1
CVE-2012-5639,1
CVE-2018-7183,1
CVE-2018-7184,1
CVE-2018-8956,1
CVE-2020-13817,1
CVE-2023-3485,1
CVE-2021-41136,1
CVE-2018-8043,1
CVE-2019-19076,1
CVE-2019-19462,1
CVE-2020-11494,1
CVE-2020-12768,1
CVE-2020-12769,1
CVE-2020-36311,1
CVE-2021-38199,1
CVE-2021-4001,1
CVE-2023-1076,1
CVE-2023-4194,1
CVE-2022-4064,1
CVE-2013-1841,1
CVE-2018-17828,1
CVE-2019-6446,1
CVE-2022-24303,1
CVE-2022-45198,1
CVE-2021-20285,1
CVE-2019-11578,1
CVE-2019-11579,1
CVE-2022-31151,1
CVE-2019-12247,1
CVE-2019-12928,1
CVE-2019-12929,1
CVE-2019-20175,1
CVE-2020-27153,1
CVE-2016-1544,1
CVE-2022-32275,1
SUSE-SU-2020:0079-2,1
CVE-2022-31081,1
CVE-2019-14494,1
CVE-2017-5974,1
CVE-2017-5975,1
CVE-2017-5976,1
CVE-2017-5977,1
CVE-2017-5978,1
CVE-2017-5979,1
CVE-2017-5980,1
CVE-2017-5981,1
CVE-2018-6381,1
CVE-2018-6484,1
CVE-2018-6540,1
CVE-2018-6869,1
CVE-2020-10994,1
CVE-2020-11538,1
CVE-2021-25287,1
CVE-2021-25288,1
CVE-2017-18342,1
CVE-2012-5109,1
CVE-2012-6139,1
CVE-2010-1160,1
CVE-2010-1161,1
CVE-2010-4334,1
CVE-2015-3451,1
CVE-2011-1144,1
CVE-2020-10685,1
CVE-2020-1739,1
CVE-2020-12424,1
CVE-2020-12425,1
CVE-2021-29946,1
CVE-2021-43545,1
CVE-2021-43546,1
CVE-2022-24713,1
CVE-2022-26386,1
CVE-2022-38476,1
CVE-2022-40957,1
CVE-2022-45420,1
CVE-2022-46877,1
CVE-2023-23603,1
CVE-2023-25742,1
CVE-2023-29548,1
CVE-2023-4055,1
CVE-2020-12408,1
CVE-2020-12409,1
CVE-2020-15666,1
CVE-2020-15668,1
CVE-2020-15682,1
CVE-2020-26962,1
CVE-2020-26963,1
CVE-2020-26967,1
CVE-2020-26979,1
CVE-2020-6812,1
CVE-2021-23972,1
CVE-2021-23975,1
CVE-2021-23985,1
CVE-2020-0093,1
CVE-2020-13114,1
CVE-2021-32823,1
CVE-2018-20532,1
CVE-2018-20533,1
CVE-2018-18020,1
CVE-2015-7576,1
SUSE-SU-2023:3369-1,1
CVE-2014-1590,1
CVE-2016-5823,1
CVE-2016-5825,1
CVE-2016-5826,1
GHSA-8vfw-v2jv-9hwc,1
CVE-2019-2180,1
TEMP-0786423-948688,1
CVE-2015-8381,1
CVE-2015-8383,1
CVE-2015-8384,1
CVE-2015-8389,1
CVE-2015-8392,1
CVE-2015-8395,1
CVE-2018-15746,1
CVE-2018-19665,1
CVE-2019-8934,1
CVE-2020-15859,1
GHSA-22h7-7wwg-qmgg,1
CVE-2021-46873,1
GHSA-v6gv-fg46-h89j,1
NSWG-ECO-444,1
CVE-2022-1354,1
CVE-2021-38200,1
GHSA-h8g9-6gvh-5mrc,1
CVE-2021-32618,1
GHSA-fxq4-r6mr-9x64,1
CVE-2015-7511,1
CVE-2023-2731,1
CVE-2018-10119,1
CVE-2018-10120,1
CVE-2011-2709,1
CVE-2018-14622,1
CVE-2013-1923,1
CVE-2019-1010317,1
CVE-2019-1010319,1
CVE-2017-2603,1
CVE-2017-9111,1
CVE-2017-9115,1
CVE-2018-18444,1
CVE-2018-14423,1
CVE-2018-12327,1
CVE-2018-1000656,1
CVE-2016-1247,1
CVE-2019-7146,1
CVE-2019-15919,1
CVE-2022-36113,1
CVE-2016-10147,1
CVE-2016-9576,1
CVE-2022-28805,1
CVE-2019-11287,1
CVE-2021-21330,1
GHSA-mwm4-5qwr-g9pf,1
CVE-2021-3644,1
CVE-2020-15228,1
CVE-2019-16707,1
CVE-2020-12050,1
CVE-2015-5312,1
CVE-2015-7499,1
CVE-2013-4312,1
CVE-2014-9710,1
CVE-2015-4692,1
CVE-2015-4700,1
CVE-2015-6937,1
CVE-2015-7885,1
CVE-2015-7990,1
CVE-2015-8374,1
CVE-2015-8746,1
CVE-2016-2085,1
CVE-2016-2847,1
CVE-2016-6327,1
CVE-2015-5352,1
CVE-2015-5600,1
CVE-2014-9718,1
CVE-2015-3214,1
CVE-2015-4037,1
CVE-2015-5239,1
CVE-2015-5278,1
CVE-2015-7295,1
CVE-2015-8619,1
CVE-2016-2857,1
CVE-2016-4001,1
CVE-2016-4002,1
CVE-2016-4454,1
CVE-2016-4952,1
CVE-2016-5105,1
CVE-2016-5106,1
CVE-2016-5107,1
CVE-2016-6833,1
CVE-2016-7155,1
CVE-2016-7156,1
CVE-2016-7170,1
CVE-2016-8577,1
CVE-2016-8578,1
CVE-2016-8667,1
CVE-2016-9101,1
CVE-2016-9776,1
CVE-2016-9913,1
CVE-2016-9914,1
CVE-2016-9915,1
CVE-2016-9916,1
CVE-2017-10664,1
CVE-2017-14167,1
CVE-2017-15038,1
CVE-2017-15289,1
CVE-2017-5525,1
CVE-2017-5526,1
CVE-2017-5856,1
CVE-2017-5987,1
CVE-2017-6505,1
CVE-2017-7377,1
CVE-2017-7718,1
CVE-2017-8086,1
CVE-2017-8112,1
CVE-2017-9330,1
CVE-2017-9503,1
CVE-2019-5008,1
CVE-2016-5542,1
CVE-2023-1176,1
CVE-2018-8881,1
NSWG-ECO-503,1
GHSA-j5g3-5c8r-7qfx,1
CVE-2015-8872,1
CVE-2016-6132,1
CVE-2016-6214,1
CVE-2016-8690,1
CVE-2016-8693,1
CVE-2016-3458,1
CVE-2016-3500,1
CVE-2016-3508,1
CVE-2016-3550,1
CVE-2017-3231,1
CVE-2017-3261,1
CVE-2015-4155,1
CVE-2015-4156,1
CVE-2016-9422,1
CVE-2016-9423,1
CVE-2016-9426,1
CVE-2016-9430,1
CVE-2016-9431,1
CVE-2016-9432,1
CVE-2016-9433,1
CVE-2016-9434,1
CVE-2016-9435,1
CVE-2016-9436,1
CVE-2016-9437,1
CVE-2016-9438,1
CVE-2016-9439,1
CVE-2016-9440,1
CVE-2016-9441,1
CVE-2016-9442,1
CVE-2016-9443,1
CVE-2018-6196,1
CVE-2018-6198,1
CVE-2015-3239,1
GHSA-x5c7-x7m2-rhmf,1
CVE-2023-1801,1
CVE-2015-1345,1
CVE-2014-8182,1
CVE-2017-7771,1
CVE-2017-7774,1
CVE-2017-7775,1
CVE-2017-7776,1
CVE-2017-7777,1
CVE-2014-9157,1
CVE-2019-9904,1
CVE-2016-10251,1
CVE-2016-2116,1
CVE-2016-9583,1
CVE-2016-9591,1
CVE-2014-8127,1
CVE-2014-8129,1
CVE-2014-8130,1
CVE-2014-9330,1
CVE-2015-8665,1
CVE-2015-8683,1
CVE-2015-8781,1
CVE-2015-8782,1
CVE-2015-8783,1
CVE-2018-13346,1
CVE-2013-7440,1
CVE-2014-8991,1
CVE-2022-22757,1
CVE-2022-29915,1
CVE-2022-36315,1
CVE-2022-42931,1
CVE-2020-12801,1
CVE-2020-12803,1
CVE-2022-38745,1
CVE-2018-19869,1
CVE-2021-3481,1
CVE-2020-15503,1
CVE-2019-13351,1
CVE-2017-13712,1
CVE-2017-9545,1
CVE-2017-13135,1
CVE-2014-1932,1
CVE-2014-1933,1
CVE-2014-9601,1
CVE-2020-35653,1
CVE-2020-35655,1
CVE-2021-20177,1
CVE-2023-3326,1
CVE-2018-11508,1
